student_id,course_area,current_semester,scholarship,gpa_current,attendance_rate,credits_completed,dropped_out,last_update
S000001,Química,11,0,5.41,0.69,134,0,2024-09-27
S000002,Engenharia,3,0,7.35,0.78,37,0,2024-10-21
S000003,Design,1,1,7.52,0.85,8,0,2023-02-28
S000004,Direito,2,0,9.2,0.86,2,0,2025-01-28
S000005,Química,11,0,6.34,0.89,123,0,2023-09-08
S000006,Administração,4,0,7.49,0.95,58,0,2024-12-17
S000007,Medicina,2,1,9.24,0.96,29,0,2024-07-28
S000008,Biologia,7,0,6.86,0.75,86,0,2023-01-09
S000009,Administração,1,1,5.99,0.93,13,0,2023-06-08
S000010,Medicina,5,0,6.74,0.79,92,0,2023-04-18
S000011,Arquitetura,1,0,5.06,0.81,0,0,2023-10-25
S000012,Matemática,4,0,7.38,0.86,46,0,2024-01-20
S000013,Comunicação,5,0,6.16,0.9,71,0,2023-06-12
S000014,Design,10,0,10.0,0.85,103,0,2024-08-06
S000015,Comunicação,11,0,7.03,0.89,125,0,2024-02-13
S000016,Design,10,0,6.18,0.9,111,0,2023-03-16
S000017,Administração,7,0,8.06,0.78,84,0,2023-08-17
S000018,Administração,6,0,6.08,0.77,87,0,2024-02-02
S000019,Administração,1,1,6.7,0.88,13,0,2024-04-18
S000020,Física,7,1,8.2,0.79,93,0,2024-11-16
S000021,Comunicação,9,0,8.08,0.9,109,0,2023-04-06
S000022,Matemática,2,0,5.96,0.84,25,0,2023-12-24
S000023,Química,1,1,7.67,0.93,7,0,2024-04-22
S000024,Direito,7,0,6.35,0.88,60,1,2024-04-24
S000025,Arquitetura,5,1,7.98,0.79,64,0,2024-10-19
S000026,Psicologia,4,0,6.84,0.91,47,0,2024-07-01
S000027,Computação,4,0,8.08,0.92,58,0,2024-04-21
S000028,Psicologia,2,0,6.17,0.97,40,0,2023-04-22
S000029,Química,2,0,7.2,0.76,28,0,2023-03-29
S000030,Economia,8,0,8.12,0.78,92,0,2023-07-04
S000031,Biologia,4,1,6.41,0.93,52,1,2025-01-19
S000032,Design,8,0,8.14,1.0,90,0,2023-04-21
S000033,Engenharia,11,0,8.7,0.88,139,0,2024-02-11
S000034,Engenharia,7,0,8.55,0.94,79,0,2024-03-19
S000035,Física,6,0,7.35,0.9,62,0,2023-07-24
S000036,Economia,11,1,8.37,1.0,130,0,2024-02-16
S000037,Administração,5,1,8.51,0.94,38,0,2023-12-03
S000038,Química,11,0,6.96,0.92,131,0,2023-03-08
S000039,Computação,1,0,8.23,0.78,14,0,2023-11-21
S000040,Computação,9,1,5.84,0.9,110,0,2023-12-17
S000041,Biologia,11,0,6.58,0.87,127,1,2024-09-10
S000042,Matemática,9,0,7.36,0.83,110,0,2024-05-12
S000043,Engenharia,9,0,6.1,0.84,99,0,2023-08-06
S000044,Química,1,0,6.95,0.94,13,1,2024-12-20
S000045,Arquitetura,2,0,7.95,0.82,16,0,2025-01-29
S000046,Economia,2,1,7.55,0.96,26,0,2024-05-02
S000047,Física,4,0,6.37,0.9,52,0,2023-04-28
S000048,Direito,1,0,7.99,0.86,12,0,2023-10-13
S000049,Design,5,0,7.58,0.98,60,0,2024-04-10
S000050,Design,10,1,8.33,1.0,125,0,2023-02-09
S000051,Química,7,0,7.65,0.79,88,0,2024-07-12
S000052,Comunicação,3,1,9.05,0.8,38,0,2023-06-09
S000053,Química,10,1,8.19,0.8,136,0,2024-04-26
S000054,Administração,6,1,7.82,0.96,73,0,2023-05-30
S000055,Biologia,7,0,6.36,0.86,82,1,2024-10-17
S000056,Computação,12,1,8.05,0.86,136,1,2023-08-07
S000057,Matemática,12,0,7.98,0.89,149,0,2023-11-24
S000058,Física,5,0,5.99,0.8,41,0,2024-08-04
S000059,Química,2,1,7.03,0.8,48,0,2023-02-02
S000060,Arquitetura,2,1,8.09,0.9,12,0,2024-09-07
S000061,Enfermagem,11,0,8.49,0.97,124,0,2024-01-25
S000062,Comunicação,7,0,5.6,0.8,91,0,2023-03-05
S000063,Design,3,0,8.4,0.83,36,0,2024-01-06
S000064,Psicologia,4,1,8.25,0.72,46,1,2024-03-16
S000065,Química,5,0,5.57,0.89,77,0,2024-04-29
S000066,Administração,12,1,6.23,0.84,138,0,2023-08-07
S000067,Comunicação,8,0,5.86,0.95,96,0,2023-02-25
S000068,Design,9,0,5.38,0.84,129,0,2023-08-05
S000069,Comunicação,5,0,8.85,0.96,61,1,2023-01-24
S000070,Computação,7,0,6.51,0.95,85,1,2024-12-01
S000071,Matemática,12,0,5.72,0.84,164,0,2024-03-09
S000072,Engenharia,9,0,6.17,0.82,107,0,2023-10-04
S000073,Comunicação,3,1,7.55,0.81,42,0,2023-09-16
S000074,Direito,2,0,6.65,0.99,15,0,2024-10-12
S000075,Enfermagem,10,0,7.24,0.85,104,0,2023-06-30
S000076,Computação,2,1,5.75,0.93,9,0,2023-03-27
S000077,Enfermagem,9,0,8.26,0.89,107,0,2023-05-26
S000078,Arquitetura,4,0,6.87,0.84,50,0,2023-03-12
S000079,Administração,6,1,7.82,0.86,96,0,2023-10-08
S000080,Matemática,7,0,6.45,0.86,100,0,2024-02-19
S000081,Medicina,9,0,5.29,0.76,117,0,2023-03-25
S000082,Comunicação,12,0,6.46,0.79,134,0,2023-11-02
S000083,Física,11,0,6.68,0.98,140,0,2024-12-30
S000084,Design,7,0,8.95,0.81,86,0,2024-04-07
S000085,Comunicação,6,0,6.53,0.9,76,0,2024-03-05
S000086,Psicologia,6,0,7.91,0.85,64,1,2024-06-21
S000087,Comunicação,8,0,8.03,0.89,92,0,2023-08-08
S000088,Biologia,12,1,5.99,0.86,146,1,2024-11-16
S000089,Enfermagem,10,0,9.44,0.9,117,0,2023-09-23
S000090,Enfermagem,4,0,7.49,0.86,38,0,2023-07-08
S000091,Direito,7,0,7.11,0.84,74,0,2023-02-25
S000092,Matemática,7,0,7.66,0.88,85,0,2023-04-05
S000093,Comunicação,6,0,7.93,0.8,69,0,2024-03-14
S000094,Comunicação,3,0,5.6,0.81,39,0,2023-12-17
S000095,Direito,12,0,7.79,0.87,131,0,2023-11-01
S000096,Computação,4,1,8.0,0.8,36,1,2023-06-18
S000097,Psicologia,9,0,7.5,0.83,109,0,2023-07-23
S000098,Economia,3,0,6.75,0.76,28,0,2023-12-24
S000099,Medicina,10,1,6.47,0.82,128,0,2024-03-05
S000100,Administração,2,1,5.28,0.88,10,0,2024-05-08
S000101,Física,2,0,7.58,0.89,27,0,2024-05-01
S000102,Medicina,10,0,7.78,0.87,114,1,2024-07-02
S000103,Design,3,0,7.53,0.83,44,0,2024-12-06
S000104,Medicina,8,0,7.89,1.0,86,0,2023-06-14
S000105,Economia,4,1,7.19,0.85,42,0,2024-12-14
S000106,Computação,11,0,5.04,0.93,142,0,2024-03-23
S000107,Medicina,10,0,5.21,0.95,102,0,2023-12-30
S000108,Arquitetura,2,0,7.04,0.95,35,1,2024-12-10
S000109,Comunicação,6,0,9.51,0.77,72,0,2024-08-07
S000110,Economia,10,0,7.67,1.0,107,0,2024-02-03
S000111,Design,12,0,5.81,0.9,159,0,2023-01-11
S000112,Biologia,10,0,7.16,0.76,114,0,2024-07-28
S000113,Física,3,0,5.18,0.89,28,0,2024-09-03
S000114,Arquitetura,11,1,7.53,0.84,136,0,2023-07-23
S000115,Computação,6,1,8.83,0.8,70,1,2023-03-21
S000116,Medicina,11,0,6.5,0.9,125,0,2025-01-10
S000117,Medicina,1,0,6.82,0.82,6,0,2024-11-14
S000118,Computação,4,0,8.57,0.91,40,0,2024-08-15
S000119,Matemática,11,1,6.96,0.8,111,0,2024-09-23
S000120,Enfermagem,3,0,6.81,0.79,41,0,2023-05-29
S000121,Enfermagem,12,1,6.76,0.92,131,0,2023-11-28
S000122,Física,10,0,7.33,0.9,113,0,2024-11-11
S000123,Design,1,0,7.72,0.97,17,0,2025-01-21
S000124,Matemática,3,1,9.18,0.85,27,0,2025-01-30
S000125,Engenharia,1,0,6.27,0.84,16,0,2025-01-24
S000126,Física,12,0,6.47,1.0,146,0,2025-01-20
S000127,Física,5,1,6.93,0.89,66,0,2023-11-21
S000128,Matemática,6,0,4.97,0.73,74,0,2023-01-15
S000129,Direito,11,1,8.57,0.93,149,0,2023-06-04
S000130,Direito,5,0,6.67,0.96,55,0,2024-04-14
S000131,Biologia,2,0,6.78,0.81,23,0,2023-06-01
S000132,Física,12,0,5.58,0.99,157,0,2024-05-26
S000133,Arquitetura,7,0,7.18,0.96,74,0,2023-11-21
S000134,Engenharia,9,0,7.69,0.83,102,0,2023-04-27
S000135,Administração,7,1,6.82,0.89,86,0,2024-11-21
S000136,Direito,10,0,7.93,0.86,120,0,2024-02-21
S000137,Física,12,1,7.26,0.88,161,0,2023-09-27
S000138,Direito,12,0,4.02,0.92,149,0,2024-06-17
S000139,Matemática,2,0,7.0,0.92,19,0,2025-01-09
S000140,Direito,5,1,6.04,0.86,70,0,2023-01-04
S000141,Medicina,5,1,8.76,0.85,66,0,2024-04-06
S000142,Computação,5,1,7.13,0.89,71,0,2023-05-09
S000143,Enfermagem,10,1,8.0,0.91,119,0,2024-10-11
S000144,Biologia,11,1,6.64,0.98,131,0,2024-04-05
S000145,Administração,11,1,9.59,0.71,145,0,2024-10-16
S000146,Arquitetura,12,1,8.19,0.82,143,0,2024-08-15
S000147,Comunicação,9,1,5.18,0.96,103,0,2023-04-10
S000148,Psicologia,3,0,6.53,0.9,27,0,2023-02-07
S000149,Biologia,12,0,6.04,0.94,149,0,2023-08-12
S000150,Psicologia,3,1,7.16,0.74,45,0,2023-07-12
S000151,Comunicação,5,0,7.35,0.92,39,0,2024-03-06
S000152,Enfermagem,5,0,9.27,0.7,61,0,2024-12-14
S000153,Administração,12,0,6.0,0.86,157,0,2024-07-13
S000154,Direito,4,0,7.65,0.84,41,0,2023-06-20
S000155,Direito,1,0,7.18,0.75,0,0,2024-09-07
S000156,Comunicação,11,0,6.83,0.88,130,0,2024-01-22
S000157,Física,9,0,5.5,0.91,100,0,2023-08-10
S000158,Engenharia,3,0,6.16,0.78,49,1,2023-12-23
S000159,Psicologia,7,0,7.42,0.98,87,0,2023-08-03
S000160,Comunicação,11,0,7.35,0.94,142,0,2023-07-15
S000161,Design,5,0,6.95,0.7,58,0,2024-11-26
S000162,Matemática,12,0,6.17,0.88,144,1,2024-08-13
S000163,Biologia,11,0,6.31,0.74,133,0,2023-01-15
S000164,Design,6,0,8.38,0.92,73,0,2024-01-15
S000165,Direito,3,0,8.3,0.95,25,1,2024-01-08
S000166,Computação,3,0,6.29,0.86,46,0,2023-01-17
S000167,Direito,5,0,6.75,0.87,73,0,2023-11-06
S000168,Psicologia,9,1,6.88,0.87,104,0,2023-11-11
S000169,Arquitetura,10,0,8.35,0.86,135,0,2024-05-29
S000170,Matemática,8,0,8.15,0.97,96,0,2023-05-08
S000171,Física,12,1,7.07,0.9,144,0,2024-12-17
S000172,Economia,11,0,7.37,0.81,148,1,2024-05-26
S000173,Arquitetura,8,1,6.7,0.85,78,0,2024-10-26
S000174,Física,9,0,7.06,0.8,99,0,2024-04-11
S000175,Direito,6,0,6.66,0.8,71,0,2024-02-28
S000176,Arquitetura,4,0,7.01,0.73,26,0,2024-02-25
S000177,Arquitetura,9,0,8.2,0.9,107,0,2023-12-27
S000178,Matemática,11,1,7.19,0.86,126,0,2023-12-27
S000179,Comunicação,10,0,7.97,0.91,119,0,2024-07-09
S000180,Matemática,9,0,8.35,0.84,98,0,2024-03-12
S000181,Direito,1,0,6.96,0.93,31,0,2024-06-19
S000182,Física,11,0,7.39,0.9,136,0,2023-12-10
S000183,Design,7,0,5.45,0.86,84,1,2023-04-27
S000184,Administração,11,0,8.25,0.87,138,0,2023-06-30
S000185,Design,11,0,8.61,0.71,130,0,2024-04-14
S000186,Enfermagem,1,0,10.0,0.83,6,0,2024-03-14
S000187,Física,12,0,6.28,0.72,131,0,2024-01-18
S000188,Química,2,0,7.4,0.84,23,0,2023-07-01
S000189,Psicologia,10,0,7.73,0.8,120,0,2024-07-20
S000190,Administração,7,0,5.52,1.0,83,0,2024-09-01
S000191,Administração,5,1,6.92,0.94,53,0,2023-06-16
S000192,Enfermagem,5,0,9.1,0.84,60,0,2024-07-09
S000193,Computação,11,0,5.97,0.71,143,0,2024-03-22
S000194,Engenharia,6,1,5.58,0.79,77,0,2024-01-26
S000195,Física,12,0,7.77,0.92,154,0,2023-10-19
S000196,Biologia,12,1,8.36,0.98,154,0,2024-11-06
S000197,Design,12,0,7.6,0.84,147,0,2024-12-06
S000198,Biologia,12,0,7.21,0.86,135,0,2024-11-27
S000199,Administração,7,0,8.05,0.81,84,0,2024-03-23
S000200,Direito,3,1,6.81,0.94,43,0,2024-10-11
S000201,Engenharia,12,1,6.75,0.91,134,0,2023-10-18
S000202,Comunicação,5,1,6.5,0.81,52,0,2024-12-19
S000203,Direito,1,0,7.49,0.75,7,0,2024-09-27
S000204,Medicina,5,0,7.19,0.85,54,0,2023-04-12
S000205,Comunicação,10,1,6.19,0.84,105,0,2023-03-31
S000206,Design,3,0,4.81,0.85,28,1,2023-04-17
S000207,Medicina,10,0,4.96,0.78,120,0,2023-04-02
S000208,Química,3,0,5.96,0.81,32,0,2024-10-27
S000209,Psicologia,8,0,7.33,0.76,100,0,2023-01-17
S000210,Enfermagem,11,0,6.18,0.77,139,0,2024-09-23
S000211,Comunicação,4,0,5.47,0.85,34,1,2024-02-26
S000212,Enfermagem,6,0,8.23,0.74,60,0,2023-04-17
S000213,Psicologia,1,0,7.4,0.83,0,0,2024-05-23
S000214,Psicologia,5,0,8.39,0.95,62,0,2024-09-30
S000215,Arquitetura,2,0,7.45,0.88,17,0,2024-07-11
S000216,Direito,1,0,9.34,0.8,11,0,2023-04-13
S000217,Administração,12,0,5.47,0.85,148,0,2024-10-10
S000218,Matemática,5,0,7.8,1.0,67,0,2024-03-30
S000219,Administração,12,0,5.96,0.77,147,0,2024-05-30
S000220,Engenharia,1,0,5.68,0.91,20,0,2024-08-18
S000221,Física,9,0,6.89,0.84,105,0,2023-02-03
S000222,Arquitetura,8,0,7.2,0.92,93,0,2024-11-14
S000223,Economia,2,0,8.8,0.96,31,1,2023-10-24
S000224,Computação,7,1,9.49,0.85,87,0,2024-03-06
S000225,Comunicação,1,0,6.96,0.96,20,0,2023-08-05
S000226,Direito,9,1,10.0,0.89,97,0,2023-08-17
S000227,Medicina,9,0,7.14,0.89,102,0,2024-04-10
S000228,Computação,4,0,6.64,0.85,55,0,2024-07-18
S000229,Comunicação,4,0,8.04,0.84,52,0,2024-01-26
S000230,Química,7,0,5.53,0.74,90,0,2023-04-28
S000231,Design,6,1,8.36,0.89,73,0,2023-07-20
S000232,Design,5,0,5.3,0.94,75,0,2024-04-25
S000233,Medicina,6,0,7.46,0.8,68,0,2023-05-08
S000234,Arquitetura,12,0,6.97,0.93,156,0,2023-12-26
S000235,Matemática,9,0,8.08,1.0,113,0,2024-04-20
S000236,Engenharia,3,0,7.03,0.83,26,0,2024-02-27
S000237,Comunicação,12,1,6.61,0.96,138,0,2024-10-22
S000238,Física,1,0,7.29,0.77,22,0,2024-12-21
S000239,Economia,9,0,5.37,0.91,101,0,2025-01-28
S000240,Química,11,1,6.95,0.97,146,0,2024-02-10
S000241,Design,3,1,7.3,0.8,48,0,2023-01-08
S000242,Química,7,0,7.24,0.81,96,0,2024-01-19
S000243,Economia,10,0,6.28,0.92,116,1,2023-08-18
S000244,Computação,12,0,6.27,1.0,127,0,2024-06-03
S000245,Design,2,1,6.45,0.85,15,1,2023-10-18
S000246,Enfermagem,7,0,5.7,0.93,92,0,2023-10-02
S000247,Medicina,2,0,6.99,0.91,20,0,2024-11-05
S000248,Matemática,6,0,7.93,0.91,79,0,2023-09-28
S000249,Comunicação,1,0,6.78,0.73,22,0,2023-11-11
S000250,Direito,9,0,6.35,0.79,125,0,2024-02-29
S000251,Medicina,10,0,8.39,0.87,115,1,2024-11-20
S000252,Economia,2,0,6.93,0.83,33,0,2023-09-05
S000253,Medicina,2,1,6.86,0.97,8,0,2023-01-05
S000254,Física,7,0,7.14,0.88,80,0,2024-02-29
S000255,Física,3,0,5.43,0.89,23,0,2023-02-03
S000256,Engenharia,6,1,5.08,0.99,58,0,2023-01-16
S000257,Economia,1,0,7.36,0.99,19,0,2023-01-27
S000258,Design,7,0,6.39,1.0,80,0,2023-06-07
S000259,Design,10,1,9.11,0.88,104,0,2024-01-19
S000260,Química,2,0,6.0,0.86,52,0,2024-06-15
S000261,Engenharia,4,0,9.0,0.95,55,0,2025-01-29
S000262,Administração,8,0,6.99,0.74,95,0,2024-09-06
S000263,Psicologia,1,0,6.72,0.75,24,0,2023-11-22
S000264,Comunicação,3,1,9.01,0.84,32,0,2023-12-10
S000265,Psicologia,2,0,7.07,0.96,34,0,2023-06-24
S000266,Medicina,11,1,7.41,0.79,133,0,2024-08-08
S000267,Design,7,0,7.24,0.94,73,0,2024-03-16
S000268,Medicina,3,0,6.84,0.89,21,0,2023-09-05
S000269,Administração,3,0,7.68,0.73,43,0,2024-07-23
S000270,Medicina,11,1,9.87,0.93,129,0,2024-02-05
S000271,Arquitetura,9,0,9.06,0.85,107,0,2023-07-17
S000272,Física,11,0,7.18,0.96,122,0,2024-09-23
S000273,Medicina,12,0,7.18,0.93,131,0,2024-10-21
S000274,Psicologia,12,0,6.95,0.81,134,0,2024-02-07
S000275,Administração,10,0,7.75,0.83,118,0,2023-02-22
S000276,Administração,10,0,6.02,0.8,111,0,2024-08-14
S000277,Biologia,2,0,9.5,0.89,37,0,2024-03-15
S000278,Economia,8,0,6.33,0.96,96,0,2023-05-12
S000279,Design,9,1,8.5,0.9,95,0,2024-10-13
S000280,Biologia,2,0,6.68,1.0,18,0,2024-02-04
S000281,Medicina,6,0,6.46,0.93,67,0,2025-01-15
S000282,Design,2,1,6.99,0.84,14,0,2023-06-27
S000283,Medicina,11,0,7.43,0.93,145,1,2024-02-17
S000284,Química,11,0,7.16,0.87,153,1,2023-11-22
S000285,Administração,11,0,5.92,0.76,132,0,2024-06-13
S000286,Direito,5,1,8.19,0.89,49,0,2023-06-12
S000287,Matemática,4,0,7.12,0.94,35,0,2024-03-23
S000288,Engenharia,9,0,6.48,0.93,104,0,2023-08-25
S000289,Física,5,1,6.85,0.89,63,0,2023-04-12
S000290,Administração,9,0,8.12,0.83,100,0,2024-12-28
S000291,Comunicação,2,1,7.62,0.97,18,0,2023-05-10
S000292,Química,12,0,7.83,0.93,134,0,2024-05-31
S000293,Computação,4,0,8.08,0.97,52,0,2023-05-02
S000294,Direito,5,0,8.35,0.84,62,0,2024-10-08
S000295,Enfermagem,9,1,6.02,0.88,86,0,2024-08-13
S000296,Administração,12,0,7.87,0.85,138,0,2024-02-06
S000297,Enfermagem,6,0,6.93,0.88,70,0,2024-10-04
S000298,Química,3,1,6.81,0.88,34,0,2023-09-24
S000299,Psicologia,7,0,8.27,1.0,83,1,2024-07-20
S000300,Matemática,9,0,7.01,0.99,114,0,2023-06-12
S000301,Medicina,6,0,6.52,0.78,66,1,2023-11-27
S000302,Design,2,0,7.16,0.83,6,0,2023-07-28
S000303,Medicina,11,0,7.43,0.83,127,1,2023-04-06
S000304,Computação,10,0,8.19,0.73,102,0,2023-04-06
S000305,Engenharia,9,0,6.14,0.94,103,0,2023-01-27
S000306,Biologia,1,0,8.2,0.83,9,0,2024-03-23
S000307,Psicologia,12,0,7.22,0.71,142,0,2023-01-12
S000308,Matemática,5,0,6.79,1.0,53,0,2024-10-05
S000309,Medicina,12,0,6.48,0.88,152,0,2024-08-30
S000310,Economia,10,0,6.59,0.81,113,0,2023-06-06
S000311,Química,12,1,6.62,0.93,138,1,2023-01-29
S000312,Computação,5,0,4.81,0.84,54,0,2024-09-24
S000313,Engenharia,3,0,8.29,0.99,29,0,2024-12-25
S000314,Biologia,2,0,6.17,0.77,7,0,2024-07-10
S000315,Física,8,0,6.09,0.96,99,0,2023-03-22
S000316,Engenharia,10,0,6.99,0.97,120,0,2024-08-08
S000317,Economia,8,0,8.05,0.79,106,0,2024-01-27
S000318,Comunicação,2,1,6.97,0.84,19,0,2023-01-26
S000319,Medicina,6,0,6.67,0.82,56,0,2025-01-30
S000320,Química,2,0,6.11,0.87,17,0,2025-01-21
S000321,Psicologia,8,0,5.56,0.85,104,0,2023-05-14
S000322,Biologia,10,0,8.33,0.87,128,0,2024-04-09
S000323,Medicina,2,0,8.37,0.84,24,0,2024-10-11
S000324,Direito,12,0,7.16,0.8,153,0,2024-10-08
S000325,Psicologia,7,0,6.94,0.75,82,0,2024-01-02
S000326,Administração,6,0,8.01,0.9,79,0,2023-07-11
S000327,Química,7,0,8.59,0.9,78,0,2023-09-03
S000328,Computação,12,0,7.82,0.85,133,0,2024-10-30
S000329,Química,7,0,8.4,1.0,83,0,2023-08-16
S000330,Psicologia,10,0,7.88,0.86,122,0,2023-11-01
S000331,Economia,11,0,6.17,0.89,130,0,2023-07-18
S000332,Medicina,3,0,6.52,0.81,49,0,2024-07-02
S000333,Direito,4,0,4.92,0.88,44,0,2023-09-09
S000334,Economia,12,0,7.21,0.75,140,0,2025-01-13
S000335,Administração,1,1,7.13,0.9,21,0,2024-01-23
S000336,Administração,3,0,6.83,0.89,51,0,2023-09-24
S000337,Engenharia,7,0,8.18,0.91,74,0,2024-11-06
S000338,Engenharia,10,0,6.67,0.84,115,0,2023-02-22
S000339,Psicologia,10,0,5.55,0.87,113,0,2023-10-09
S000340,Biologia,10,0,6.61,0.83,123,1,2023-03-26
S000341,Psicologia,8,0,6.94,0.86,99,0,2023-05-28
S000342,Biologia,5,1,6.54,0.98,68,0,2024-10-04
S000343,Comunicação,3,0,7.69,0.93,44,0,2023-01-24
S000344,Comunicação,9,1,5.98,0.82,105,0,2024-10-15
S000345,Física,3,0,6.2,0.81,42,0,2024-08-16
S000346,Física,7,1,7.35,0.85,86,0,2023-04-16
S000347,Medicina,5,1,7.8,0.82,50,0,2023-04-24
S000348,Administração,7,0,6.64,0.88,84,0,2024-04-15
S000349,Matemática,4,0,8.93,0.81,48,0,2024-09-02
S000350,Economia,5,0,7.98,0.84,60,0,2023-05-06
S000351,Química,2,0,9.23,0.86,16,0,2023-04-20
S000352,Arquitetura,8,0,6.76,0.91,112,0,2023-05-26
S000353,Enfermagem,7,0,7.22,0.89,91,1,2023-10-17
S000354,Enfermagem,7,0,6.4,0.72,78,0,2023-09-26
S000355,Química,10,1,7.42,0.87,102,0,2023-07-04
S000356,Computação,8,0,8.73,0.92,109,0,2023-04-06
S000357,Economia,1,1,6.26,0.85,22,0,2023-03-21
S000358,Física,1,1,6.82,0.89,5,0,2024-05-21
S000359,Física,7,1,9.09,0.88,83,0,2024-01-06
S000360,Enfermagem,6,0,8.41,0.93,53,0,2023-08-01
S000361,Design,7,0,5.73,0.85,85,0,2024-02-05
S000362,Medicina,2,0,5.18,0.68,22,0,2023-04-14
S000363,Psicologia,2,0,7.47,0.96,16,0,2024-05-17
S000364,Enfermagem,7,0,8.76,0.91,90,0,2023-01-23
S000365,Química,10,0,7.72,0.84,115,0,2024-02-28
S000366,Física,5,1,8.89,0.89,59,0,2023-03-17
S000367,Economia,4,0,7.0,0.98,43,1,2024-05-13
S000368,Física,11,1,6.45,0.9,115,0,2024-10-02
S000369,Engenharia,9,0,7.07,0.81,106,0,2023-03-20
S000370,Comunicação,7,0,6.85,1.0,81,0,2023-08-04
S000371,Química,1,0,6.03,0.86,11,0,2024-12-04
S000372,Biologia,10,0,8.15,0.95,114,0,2024-03-05
S000373,Matemática,10,1,7.84,0.91,124,0,2024-01-20
S000374,Física,12,1,7.64,0.79,147,0,2023-11-18
S000375,Computação,11,0,7.92,0.9,110,0,2024-10-10
S000376,Comunicação,7,0,6.5,1.0,91,0,2024-04-06
S000377,Engenharia,3,0,7.08,0.76,25,0,2023-06-14
S000378,Administração,1,0,8.5,0.86,13,0,2023-07-04
S000379,Psicologia,9,1,5.73,0.84,94,0,2023-11-02
S000380,Biologia,11,0,5.96,0.96,138,0,2023-01-11
S000381,Matemática,6,1,6.97,0.91,68,0,2023-07-02
S000382,Medicina,5,0,7.2,0.82,54,0,2024-11-06
S000383,Psicologia,12,0,6.44,0.9,155,0,2024-08-03
S000384,Engenharia,11,1,8.49,0.89,138,0,2024-10-08
S000385,Matemática,5,0,6.2,0.88,62,0,2024-09-13
S000386,Matemática,8,0,5.57,0.87,94,0,2023-02-02
S000387,Química,4,0,8.38,0.66,44,0,2023-05-01
S000388,Medicina,2,1,6.23,0.99,26,0,2023-12-18
S000389,Computação,8,0,5.46,0.85,99,0,2023-12-22
S000390,Enfermagem,3,1,7.81,0.81,32,0,2024-05-10
S000391,Computação,11,0,7.63,0.85,140,0,2024-09-20
S000392,Medicina,1,0,8.05,0.82,18,0,2024-09-06
S000393,Economia,12,0,5.47,0.83,134,0,2024-07-13
S000394,Enfermagem,2,0,6.19,0.78,20,0,2023-01-06
S000395,Comunicação,4,0,8.41,0.97,69,0,2023-06-12
S000396,Comunicação,11,0,5.47,0.93,121,0,2024-06-18
S000397,Matemática,5,1,7.56,0.91,70,0,2025-01-29
S000398,Física,7,0,7.17,0.86,75,0,2023-09-18
S000399,Física,4,0,7.77,0.94,46,0,2023-05-05
S000400,Psicologia,7,1,6.75,0.83,82,0,2023-07-17
S000401,Computação,11,1,7.12,0.95,131,0,2024-09-12
S000402,Psicologia,8,0,5.75,0.82,83,0,2023-01-31
S000403,Arquitetura,9,0,7.71,0.9,112,0,2024-07-02
S000404,Engenharia,4,0,4.39,0.94,46,0,2023-01-24
S000405,Administração,9,0,6.43,0.83,125,0,2024-06-14
S000406,Administração,7,0,5.99,0.9,81,0,2024-06-08
S000407,Administração,3,0,7.16,0.85,54,0,2023-06-06
S000408,Direito,11,1,7.45,0.93,123,0,2023-08-10
S000409,Psicologia,4,1,7.76,0.86,55,0,2024-01-09
S000410,Química,5,0,8.67,0.9,67,0,2023-04-28
S000411,Biologia,7,0,5.8,0.87,74,0,2023-08-11
S000412,Direito,8,1,8.33,0.89,104,0,2023-01-31
S000413,Engenharia,11,0,5.21,0.78,144,0,2023-12-02
S000414,Administração,6,1,5.26,0.85,66,0,2023-05-22
S000415,Arquitetura,11,0,7.25,0.75,143,0,2023-08-14
S000416,Arquitetura,4,1,6.22,0.86,52,1,2023-03-27
S000417,Física,10,1,5.92,0.92,113,0,2025-01-15
S000418,Engenharia,1,1,6.24,0.95,7,0,2024-12-09
S000419,Administração,5,0,6.55,0.87,54,0,2023-05-10
S000420,Medicina,12,0,7.32,0.87,144,0,2023-10-02
S000421,Arquitetura,1,0,6.22,0.86,2,0,2023-10-08
S000422,Medicina,11,0,7.57,0.86,150,1,2024-05-08
S000423,Economia,1,0,8.17,0.8,10,0,2023-07-24
S000424,Design,12,1,7.51,0.88,142,0,2023-04-05
S000425,Computação,8,0,6.2,0.91,81,1,2023-12-23
S000426,Engenharia,6,0,7.58,0.84,58,0,2024-12-26
S000427,Comunicação,4,1,7.89,0.99,50,0,2024-07-18
S000428,Comunicação,9,0,6.59,0.74,98,0,2024-10-29
S000429,Medicina,10,0,7.68,0.82,118,0,2023-10-29
S000430,Design,8,0,8.17,1.0,92,0,2024-04-23
S000431,Matemática,8,0,8.31,0.76,106,0,2024-05-22
S000432,Enfermagem,8,0,7.95,0.83,107,0,2024-03-22
S000433,Design,9,0,8.37,0.83,96,0,2024-06-08
S000434,Matemática,3,0,7.45,0.97,36,0,2024-02-14
S000435,Engenharia,3,0,7.86,0.84,35,0,2023-07-17
S000436,Direito,5,1,7.3,1.0,65,0,2023-09-14
S000437,Economia,2,1,9.63,0.88,0,0,2023-06-27
S000438,Física,9,0,8.56,0.84,101,0,2023-07-22
S000439,Computação,8,0,7.89,0.91,88,1,2024-12-04
S000440,Economia,2,0,6.12,0.9,14,0,2025-01-04
S000441,Enfermagem,6,0,6.33,0.92,63,0,2023-10-15
S000442,Enfermagem,2,0,5.76,0.91,21,1,2024-02-07
S000443,Biologia,11,1,8.57,0.93,121,0,2023-04-16
S000444,Química,10,1,5.01,0.93,111,0,2024-08-20
S000445,Psicologia,9,0,7.9,0.84,97,0,2024-08-24
S000446,Medicina,6,0,6.11,0.92,102,0,2023-11-16
S000447,Arquitetura,8,1,6.75,0.8,79,0,2023-06-19
S000448,Computação,2,0,6.07,0.9,32,0,2023-07-30
S000449,Medicina,11,1,7.18,0.73,124,0,2025-01-09
S000450,Direito,1,1,8.13,0.77,21,0,2024-05-14
S000451,Economia,1,0,7.54,0.8,12,0,2024-03-19
S000452,Psicologia,7,0,5.81,0.81,94,0,2024-04-01
S000453,Psicologia,5,0,9.23,0.88,54,0,2024-03-09
S000454,Comunicação,9,1,6.8,0.78,97,0,2024-09-02
S000455,Medicina,12,0,7.35,0.91,145,0,2023-10-06
S000456,Biologia,12,0,7.05,0.95,146,0,2023-11-23
S000457,Química,6,0,6.49,0.85,63,0,2024-09-29
S000458,Matemática,4,0,10.0,0.79,37,0,2023-04-21
S000459,Direito,7,0,6.63,0.78,68,0,2024-09-13
S000460,Matemática,7,0,9.84,0.97,76,0,2024-01-28
S000461,Comunicação,2,0,8.07,0.9,30,0,2024-03-15
S000462,Computação,10,1,7.07,0.8,107,0,2023-07-24
S000463,Biologia,11,1,6.83,0.96,131,0,2024-08-03
S000464,Química,5,0,7.49,0.84,62,0,2023-12-28
S000465,Administração,5,0,7.87,0.84,63,0,2024-01-18
S000466,Computação,10,0,9.22,0.83,114,0,2024-10-09
S000467,Química,2,0,7.85,0.79,27,0,2023-03-07
S000468,Química,3,0,7.81,0.79,21,0,2024-04-05
S000469,Psicologia,12,1,7.0,0.86,131,0,2023-06-21
S000470,Economia,7,0,6.18,0.88,95,0,2023-02-04
S000471,Computação,8,0,6.29,0.92,83,1,2024-06-07
S000472,Arquitetura,6,1,5.69,0.81,80,0,2023-09-17
S000473,Química,1,0,7.69,0.88,14,0,2024-08-23
S000474,Direito,4,0,7.54,0.75,50,0,2024-02-24
S000475,Biologia,10,0,7.3,0.99,114,0,2023-10-28
S000476,Design,8,0,9.04,0.8,74,0,2024-09-10
S000477,Psicologia,1,0,7.52,0.94,6,0,2024-10-22
S000478,Matemática,7,0,6.24,0.78,79,0,2024-06-27
S000479,Psicologia,12,1,7.44,0.86,159,0,2023-12-27
S000480,Design,4,0,7.01,0.88,40,0,2024-02-12
S000481,Computação,3,0,7.36,0.8,38,0,2023-01-31
S000482,Design,8,0,7.06,0.81,90,0,2023-04-28
S000483,Computação,10,0,8.31,0.87,112,0,2023-07-04
S000484,Psicologia,1,0,8.95,0.77,24,0,2023-11-27
S000485,Física,7,0,5.87,0.83,83,0,2024-03-15
S000486,Direito,11,1,8.89,0.88,118,0,2023-07-10
S000487,Administração,6,1,7.04,0.95,71,0,2024-01-02
S000488,Design,4,0,6.89,0.9,39,0,2023-09-09
S000489,Biologia,3,0,7.09,0.87,50,0,2023-03-16
S000490,Administração,12,0,6.39,0.75,153,0,2023-08-09
S000491,Matemática,9,0,6.84,0.91,117,0,2024-11-03
S000492,Física,10,0,7.83,0.86,102,0,2024-01-16
S000493,Matemática,9,0,5.79,0.91,82,0,2024-01-16
S000494,Psicologia,11,0,7.62,0.91,122,0,2023-05-29
S000495,Física,5,0,8.31,0.84,52,0,2023-11-18
S000496,Computação,4,0,5.61,0.84,50,0,2023-05-06
S000497,Medicina,7,0,7.57,0.92,81,0,2023-01-10
S000498,Computação,3,1,5.7,0.9,29,0,2023-11-23
S000499,Economia,9,1,7.29,0.95,104,0,2024-12-05
S000500,Direito,2,0,6.86,0.88,28,0,2023-01-12
S000501,Direito,4,0,8.62,0.84,72,0,2025-01-04
S000502,Enfermagem,7,1,8.55,0.71,84,0,2023-12-03
S000503,Psicologia,5,0,9.14,0.9,62,0,2023-08-07
S000504,Computação,8,0,6.88,0.87,87,0,2024-04-21
S000505,Arquitetura,2,0,7.38,0.98,18,0,2024-08-04
S000506,Engenharia,7,0,7.0,0.85,89,0,2023-11-26
S000507,Física,3,0,7.0,0.91,34,0,2023-08-27
S000508,Psicologia,3,0,6.4,0.86,34,0,2024-07-29
S000509,Biologia,10,1,8.6,0.76,116,0,2023-03-09
S000510,Psicologia,9,0,6.86,0.87,121,0,2024-01-30
S000511,Arquitetura,12,0,6.91,0.78,138,0,2023-10-18
S000512,Administração,12,0,8.2,0.83,163,1,2024-09-08
S000513,Biologia,2,0,4.37,0.83,18,0,2023-08-06
S000514,Economia,7,0,7.95,0.75,99,1,2024-06-23
S000515,Computação,5,0,7.13,0.95,61,0,2023-08-11
S000516,Computação,3,1,7.15,0.92,33,1,2023-04-16
S000517,Comunicação,12,0,5.73,0.88,154,0,2024-07-28
S000518,Química,3,1,6.84,0.79,32,0,2023-10-12
S000519,Medicina,7,1,6.85,0.8,73,1,2025-01-03
S000520,Design,8,1,6.87,0.85,102,0,2024-09-14
S000521,Economia,6,1,5.23,0.91,86,0,2024-11-18
S000522,Comunicação,11,0,6.26,0.92,126,0,2023-03-18
S000523,Psicologia,9,0,8.47,0.89,115,0,2024-08-10
S000524,Enfermagem,6,0,8.1,0.88,79,0,2024-10-23
S000525,Comunicação,11,1,8.16,0.89,121,0,2024-03-07
S000526,Química,6,1,8.72,0.91,68,1,2024-11-29
S000527,Economia,10,0,6.6,0.88,118,0,2024-03-21
S000528,Enfermagem,3,0,8.54,0.81,34,0,2023-11-22
S000529,Biologia,6,0,6.36,0.87,66,1,2023-11-24
S000530,Enfermagem,9,0,6.81,0.98,107,0,2023-07-22
S000531,Engenharia,2,1,8.41,0.88,26,0,2023-07-21
S000532,Engenharia,7,0,6.08,0.81,81,0,2023-02-20
S000533,Física,6,1,7.35,0.84,62,0,2024-05-20
S000534,Direito,4,1,6.4,0.87,52,0,2024-05-25
S000535,Computação,4,0,6.3,0.92,50,0,2023-02-17
S000536,Medicina,4,0,4.0,0.85,50,0,2023-10-09
S000537,Engenharia,7,1,7.09,0.85,66,0,2024-03-07
S000538,Psicologia,5,1,6.86,0.89,64,0,2023-05-03
S000539,Medicina,3,0,7.38,0.97,44,0,2023-05-08
S000540,Design,1,0,5.78,1.0,0,0,2024-04-08
S000541,Física,9,0,6.79,0.98,100,0,2023-06-25
S000542,Física,3,0,7.92,0.92,40,0,2024-09-07
S000543,Design,6,0,7.64,0.91,63,0,2023-12-01
S000544,Design,8,0,4.87,0.84,98,0,2024-08-28
S000545,Biologia,5,0,6.98,0.86,56,0,2024-01-28
S000546,Comunicação,2,0,7.63,0.79,27,0,2023-08-31
S000547,Computação,4,0,6.3,0.79,52,0,2024-08-13
S000548,Medicina,1,0,7.9,0.81,11,0,2023-01-22
S000549,Psicologia,7,1,7.6,0.88,103,1,2023-10-19
S000550,Química,9,0,8.48,0.9,110,0,2023-01-19
S000551,Medicina,10,0,5.85,0.94,131,0,2024-10-21
S000552,Economia,5,0,8.98,0.89,48,0,2024-08-12
S000553,Direito,2,0,9.8,0.89,28,1,2023-01-05
S000554,Direito,6,1,7.95,0.8,69,0,2024-04-17
S000555,Computação,7,0,6.65,0.92,100,0,2023-10-19
S000556,Comunicação,3,0,6.37,0.97,31,0,2023-05-15
S000557,Psicologia,7,0,7.53,0.88,80,0,2024-02-17
S000558,Engenharia,1,0,5.38,0.79,16,0,2023-02-07
S000559,Comunicação,11,0,10.0,0.87,143,0,2024-06-30
S000560,Medicina,11,1,5.88,0.78,120,0,2024-06-24
S000561,Matemática,9,1,6.88,0.92,115,0,2023-02-10
S000562,Administração,8,0,6.92,0.79,114,0,2023-12-12
S000563,Enfermagem,12,0,6.45,0.84,145,0,2024-10-22
S000564,Enfermagem,11,0,6.26,0.92,118,0,2023-01-17
S000565,Biologia,2,0,6.39,0.73,30,0,2023-03-13
S000566,Psicologia,5,1,9.01,0.79,58,0,2024-04-26
S000567,Engenharia,2,0,7.44,0.77,27,0,2023-04-08
S000568,Psicologia,5,0,6.37,0.9,72,0,2024-03-01
S000569,Direito,11,1,8.76,1.0,130,0,2025-01-10
S000570,Administração,1,1,7.58,0.82,16,0,2023-11-05
S000571,Psicologia,2,0,6.89,0.94,13,0,2023-10-09
S000572,Física,11,0,6.81,0.85,129,0,2023-11-21
S000573,Engenharia,10,0,7.93,0.76,116,0,2023-12-21
S000574,Comunicação,7,1,7.53,0.97,88,0,2024-02-14
S000575,Comunicação,11,0,8.1,0.81,134,0,2023-03-23
S000576,Design,8,1,7.14,0.92,90,0,2024-07-23
S000577,Física,4,0,6.95,0.99,41,0,2023-11-17
S000578,Engenharia,10,0,6.52,0.79,128,0,2024-05-20
S000579,Economia,9,1,7.18,0.88,118,0,2024-09-19
S000580,Economia,7,1,8.95,0.79,94,0,2023-02-18
S000581,Arquitetura,7,0,6.98,0.94,86,0,2024-02-07
S000582,Biologia,9,0,8.46,0.8,105,0,2023-11-02
S000583,Psicologia,9,0,7.49,0.83,124,0,2024-12-14
S000584,Administração,5,0,8.88,0.87,66,0,2024-04-10
S000585,Enfermagem,8,0,5.67,0.86,97,0,2024-05-20
S000586,Arquitetura,1,0,7.25,0.92,11,0,2024-10-18
S000587,Direito,11,0,8.13,1.0,125,0,2023-05-05
S000588,Comunicação,2,0,9.04,0.85,24,0,2024-01-18
S000589,Psicologia,4,0,7.01,0.76,37,0,2024-09-24
S000590,Arquitetura,9,0,7.41,0.88,112,0,2023-04-16
S000591,Design,6,1,6.21,0.91,85,0,2023-01-30
S000592,Física,1,0,8.0,0.95,0,0,2023-08-18
S000593,Comunicação,4,0,6.03,0.75,47,1,2023-02-18
S000594,Enfermagem,9,0,8.97,0.89,121,0,2023-01-11
S000595,Química,3,0,7.97,0.85,25,0,2023-05-23
S000596,Design,6,0,8.61,0.78,60,0,2023-04-18
S000597,Computação,2,1,8.76,0.82,11,0,2023-11-27
S000598,Enfermagem,5,1,8.8,0.98,63,0,2024-12-05
S000599,Psicologia,8,0,6.9,0.8,119,0,2025-01-11
S000600,Design,9,0,7.39,0.86,120,0,2024-03-22
S000601,Computação,9,0,7.28,0.92,115,0,2023-08-20
S000602,Enfermagem,9,0,7.86,0.89,110,0,2023-06-24
S000603,Comunicação,5,0,7.83,0.84,71,0,2023-04-01
S000604,Administração,1,0,6.88,0.89,8,0,2023-07-15
S000605,Enfermagem,1,0,8.23,0.82,15,0,2025-01-11
S000606,Economia,6,1,6.13,0.85,67,0,2024-01-13
S000607,Comunicação,5,0,6.18,0.99,57,0,2024-07-04
S000608,Psicologia,1,1,9.39,0.81,20,0,2023-01-06
S000609,Biologia,6,0,8.42,0.84,83,0,2024-12-05
S000610,Medicina,3,0,6.61,0.88,37,0,2023-02-23
S000611,Biologia,9,0,6.27,0.76,98,0,2023-09-23
S000612,Arquitetura,4,1,8.34,0.97,65,0,2023-02-14
S000613,Computação,1,0,8.0,0.86,14,0,2023-04-24
S000614,Engenharia,12,0,7.73,0.91,148,0,2023-02-19
S000615,Psicologia,6,0,7.13,0.85,89,0,2023-11-08
S000616,Arquitetura,10,0,7.53,0.91,120,0,2023-03-18
S000617,Direito,2,0,7.02,0.78,19,0,2023-09-28
S000618,Física,11,1,8.5,0.95,122,1,2023-12-04
S000619,Administração,1,1,5.6,0.75,0,0,2024-12-05
S000620,Computação,10,0,8.39,0.81,128,0,2024-09-19
S000621,Medicina,10,1,7.07,0.81,113,0,2024-01-24
S000622,Psicologia,10,1,7.8,0.87,119,1,2023-10-04
S000623,Direito,12,0,7.24,0.89,132,0,2024-12-16
S000624,Economia,2,0,8.54,0.82,18,0,2023-06-24
S000625,Física,2,0,6.72,0.78,25,0,2023-05-22
S000626,Economia,12,0,6.68,0.87,154,0,2024-08-20
S000627,Computação,5,0,7.87,0.82,51,0,2024-04-16
S000628,Direito,2,0,7.94,0.93,37,0,2023-05-03
S000629,Psicologia,11,1,5.36,0.93,145,0,2023-05-10
S000630,Arquitetura,1,1,6.73,0.83,9,1,2023-11-23
S000631,Economia,7,0,5.48,0.9,101,0,2023-06-01
S000632,Física,11,0,6.11,0.85,128,0,2024-08-21
S000633,Psicologia,10,0,5.76,0.83,129,0,2024-02-28
S000634,Física,1,1,8.31,0.79,18,0,2024-10-14
S000635,Engenharia,1,0,7.85,0.98,26,0,2024-04-02
S000636,Computação,10,1,6.86,0.82,128,0,2024-11-15
S000637,Biologia,8,1,8.18,1.0,100,0,2023-05-06
S000638,Medicina,11,0,6.33,0.84,145,0,2024-06-18
S000639,Enfermagem,2,0,8.5,0.82,16,0,2024-06-24
S000640,Matemática,4,1,7.36,0.91,43,0,2023-09-04
S000641,Psicologia,7,0,6.94,0.89,82,1,2024-08-14
S000642,Design,7,1,8.81,0.89,92,0,2024-05-04
S000643,Química,9,0,5.96,1.0,116,0,2024-11-08
S000644,Administração,4,0,4.38,0.86,53,0,2024-05-16
S000645,Química,10,1,6.73,0.96,132,0,2023-10-15
S000646,Arquitetura,1,0,7.54,0.84,14,0,2023-11-26
S000647,Enfermagem,2,0,6.79,0.99,1,0,2025-01-18
S000648,Enfermagem,12,0,5.02,0.85,149,0,2024-05-09
S000649,Economia,10,0,7.19,0.86,138,0,2023-08-20
S000650,Psicologia,3,0,6.31,0.72,35,0,2023-04-05
S000651,Administração,4,1,6.4,0.9,40,0,2023-09-28
S000652,Administração,3,1,9.12,0.69,28,0,2023-10-31
S000653,Física,5,1,7.5,0.93,60,0,2024-12-29
S000654,Biologia,6,0,6.55,0.92,68,0,2023-03-26
S000655,Psicologia,8,0,9.06,0.88,101,0,2023-12-28
S000656,Matemática,5,1,8.26,0.81,58,0,2024-07-25
S000657,Medicina,12,0,7.81,0.84,132,0,2023-09-06
S000658,Direito,6,1,6.22,0.93,76,0,2024-11-06
S000659,Direito,10,1,8.16,0.87,111,0,2024-10-24
S000660,Psicologia,12,1,6.53,0.85,140,0,2025-01-22
S000661,Engenharia,2,0,8.9,0.77,25,0,2023-07-30
S000662,Direito,4,0,7.08,0.82,44,0,2024-12-12
S000663,Economia,11,0,8.78,0.75,124,0,2023-03-21
S000664,Economia,7,0,6.59,0.9,82,0,2023-03-18
S000665,Medicina,4,0,8.06,0.82,55,0,2024-05-21
S000666,Computação,4,0,7.26,0.92,45,0,2023-03-03
S000667,Arquitetura,1,0,8.78,0.74,5,0,2023-08-06
S000668,Comunicação,11,0,7.1,0.94,125,0,2023-01-14
S000669,Enfermagem,2,0,6.52,1.0,37,1,2024-11-17
S000670,Administração,9,0,7.98,0.89,100,0,2023-08-10
S000671,Biologia,10,1,4.4,0.89,107,0,2024-04-24
S000672,Medicina,10,0,6.66,0.84,117,0,2024-01-30
S000673,Engenharia,2,0,8.61,0.73,26,0,2023-07-12
S000674,Medicina,3,0,7.28,0.93,35,0,2024-05-14
S000675,Biologia,2,0,7.07,0.87,36,0,2023-04-18
S000676,Psicologia,2,1,9.56,0.76,20,0,2023-12-15
S000677,Medicina,6,1,8.48,0.81,68,0,2023-08-02
S000678,Engenharia,4,0,8.19,0.81,45,0,2024-08-27
S000679,Biologia,8,0,5.95,0.94,94,1,2024-06-24
S000680,Economia,6,1,8.47,0.92,66,1,2024-06-10
S000681,Química,10,0,7.84,0.91,113,0,2023-11-17
S000682,Biologia,1,1,8.56,0.91,9,0,2023-11-16
S000683,Direito,3,0,9.71,0.82,27,0,2024-12-26
S000684,Matemática,6,0,6.16,0.91,84,0,2024-04-09
S000685,Administração,9,0,7.3,0.89,107,0,2024-11-02
S000686,Design,1,1,5.77,0.93,21,0,2023-06-07
S000687,Enfermagem,7,0,6.55,0.91,86,0,2024-05-31
S000688,Medicina,2,0,4.97,0.91,22,0,2023-04-19
S000689,Biologia,4,0,7.65,0.91,29,0,2023-05-14
S000690,Psicologia,8,1,8.08,0.96,106,0,2023-08-13
S000691,Comunicação,7,0,6.86,0.83,85,0,2024-01-08
S000692,Engenharia,3,0,8.27,0.93,49,0,2024-01-30
S000693,Enfermagem,5,0,5.34,0.93,72,0,2024-04-08
S000694,Química,10,1,6.95,0.78,120,0,2024-09-27
S000695,Direito,8,1,7.45,0.89,87,0,2024-06-09
S000696,Administração,3,1,8.2,0.79,35,0,2023-07-27
S000697,Design,1,0,6.13,0.84,3,0,2024-02-14
S000698,Engenharia,8,0,7.11,0.92,91,0,2023-07-12
S000699,Química,9,0,6.67,0.86,108,0,2023-03-12
S000700,Química,1,1,6.75,0.89,6,0,2023-10-12
S000701,Química,8,0,7.02,0.85,96,0,2024-03-09
S000702,Enfermagem,5,0,7.29,0.9,71,0,2023-06-18
S000703,Biologia,4,0,8.8,0.84,49,0,2024-12-03
S000704,Engenharia,10,0,6.9,0.81,122,1,2023-11-11
S000705,Design,9,1,6.1,0.96,121,0,2024-08-14
S000706,Matemática,8,0,6.47,0.89,95,0,2024-10-25
S000707,Medicina,12,0,8.04,0.92,139,0,2023-04-15
S000708,Matemática,10,0,6.95,0.87,122,0,2023-05-31
S000709,Design,1,0,7.83,0.86,6,0,2024-04-17
S000710,Comunicação,11,0,6.09,0.81,115,0,2023-04-20
S000711,Design,8,1,6.46,0.71,95,0,2023-04-23
S000712,Enfermagem,2,0,7.06,0.78,27,0,2023-09-04
S000713,Biologia,3,0,7.31,0.87,29,0,2023-01-17
S000714,Enfermagem,2,1,6.87,0.9,15,0,2024-04-16
S000715,Administração,1,0,8.69,0.86,15,0,2023-07-11
S000716,Arquitetura,2,0,6.65,0.84,29,0,2023-10-01
S000717,Enfermagem,4,0,8.82,0.86,61,0,2023-01-30
S000718,Economia,12,0,7.07,0.87,136,0,2024-05-02
S000719,Engenharia,9,0,5.87,0.89,111,0,2024-11-08
S000720,Comunicação,7,1,8.05,0.85,80,0,2024-06-27
S000721,Psicologia,1,0,7.29,0.88,15,1,2024-04-08
S000722,Engenharia,9,1,9.33,0.85,99,0,2023-12-27
S000723,Psicologia,1,0,7.49,0.75,31,0,2023-09-29
S000724,Computação,4,0,7.77,0.89,36,0,2023-05-02
S000725,Enfermagem,5,0,5.38,0.9,46,0,2024-07-17
S000726,Matemática,2,0,5.41,0.83,35,1,2023-03-28
S000727,Química,5,0,9.37,0.84,58,0,2023-12-29
S000728,Design,11,0,8.58,0.85,131,0,2024-03-17
S000729,Comunicação,12,0,6.58,0.82,147,0,2023-08-06
S000730,Engenharia,9,0,8.43,0.88,108,0,2023-06-04
S000731,Computação,4,1,6.57,0.93,44,0,2024-02-11
S000732,Computação,3,1,6.61,0.95,41,0,2024-05-29
S000733,Design,6,0,8.46,0.82,58,0,2024-03-17
S000734,Comunicação,2,0,6.94,0.71,33,0,2024-06-04
S000735,Medicina,8,0,7.5,0.89,88,0,2023-12-08
S000736,Administração,10,0,7.95,0.91,125,0,2023-02-24
S000737,Computação,2,0,7.81,1.0,29,0,2024-03-27
S000738,Enfermagem,12,0,7.72,0.79,157,1,2023-10-07
S000739,Comunicação,11,1,7.62,0.85,132,0,2024-01-14
S000740,Biologia,7,0,5.85,0.87,86,0,2023-04-11
S000741,Medicina,3,1,7.65,0.85,25,0,2023-02-20
S000742,Direito,9,0,6.38,0.73,120,0,2024-10-26
S000743,Química,5,0,7.55,0.92,73,0,2024-01-27
S000744,Design,5,1,8.75,0.85,42,0,2025-01-19
S000745,Enfermagem,8,0,6.08,0.87,105,0,2024-03-08
S000746,Matemática,3,1,9.23,0.93,25,0,2023-07-18
S000747,Física,4,1,7.8,0.85,51,0,2023-10-29
S000748,Psicologia,8,0,6.26,0.75,105,0,2023-07-13
S000749,Matemática,8,0,7.38,0.89,91,0,2024-02-17
S000750,Psicologia,8,0,7.84,0.79,102,0,2023-06-30
S000751,Comunicação,10,0,5.23,0.87,133,0,2024-08-31
S000752,Engenharia,8,0,7.04,0.74,107,0,2023-10-10
S000753,Arquitetura,8,0,7.92,0.88,91,0,2024-06-26
S000754,Biologia,8,1,7.67,0.96,96,0,2024-09-14
S000755,Psicologia,9,1,8.18,1.0,102,0,2024-05-20
S000756,Comunicação,9,0,8.99,0.82,109,0,2024-06-15
S000757,Design,11,0,6.65,0.85,128,0,2024-03-19
S000758,Psicologia,7,0,6.79,0.9,84,0,2023-04-22
S000759,Química,1,0,6.57,0.89,17,0,2024-11-28
S000760,Física,9,0,6.73,0.88,109,1,2023-02-21
S000761,Comunicação,10,0,8.92,0.82,118,0,2024-10-23
S000762,Medicina,4,0,8.33,0.86,48,0,2023-09-12
S000763,Comunicação,5,0,4.93,0.94,63,0,2023-04-24
S000764,Psicologia,8,1,8.17,0.93,87,0,2023-08-13
S000765,Enfermagem,6,0,7.44,0.92,76,0,2023-04-28
S000766,Administração,6,1,6.17,0.97,72,0,2023-02-24
S000767,Arquitetura,4,0,8.29,0.81,50,0,2023-02-06
S000768,Biologia,2,1,6.71,0.86,39,0,2024-08-12
S000769,Física,6,0,6.22,1.0,64,0,2023-09-30
S000770,Química,9,0,7.26,0.99,108,0,2023-09-02
S000771,Engenharia,12,0,6.64,0.78,160,1,2023-03-09
S000772,Computação,12,0,7.86,0.87,139,0,2024-06-28
S000773,Engenharia,1,0,6.19,0.87,12,0,2023-04-14
S000774,Administração,7,1,7.12,0.91,93,0,2023-10-10
S000775,Química,8,0,8.7,0.81,99,0,2023-08-20
S000776,Economia,8,1,5.17,0.81,86,0,2024-09-27
S000777,Matemática,7,0,8.49,0.9,74,0,2024-12-17
S000778,Design,5,0,6.59,0.84,56,0,2025-01-03
S000779,Direito,4,0,7.15,0.86,57,0,2024-02-19
S000780,Computação,12,0,8.4,0.85,166,0,2024-02-06
S000781,Medicina,1,0,5.55,0.77,8,0,2024-02-07
S000782,Biologia,5,1,5.51,0.89,49,0,2023-04-14
S000783,Matemática,6,0,7.89,0.97,70,0,2023-08-14
S000784,Administração,4,0,6.27,0.87,49,0,2025-01-21
S000785,Design,6,0,6.44,0.8,64,0,2024-12-09
S000786,Economia,10,0,6.71,0.84,109,0,2023-10-02
S000787,Física,4,0,7.0,0.92,42,0,2024-05-22
S000788,Comunicação,3,0,6.29,0.86,25,0,2023-07-30
S000789,Engenharia,7,1,7.24,0.81,79,0,2023-06-25
S000790,Administração,11,0,5.65,0.91,126,0,2023-07-28
S000791,Matemática,1,0,7.51,0.86,0,0,2023-12-22
S000792,Economia,8,0,7.75,0.89,84,0,2024-10-14
S000793,Biologia,11,1,6.47,0.86,131,0,2023-10-22
S000794,Física,1,0,7.8,0.92,5,0,2024-12-23
S000795,Arquitetura,12,1,7.03,0.85,145,0,2024-09-02
S000796,Engenharia,11,0,6.92,0.98,126,0,2023-10-22
S000797,Matemática,2,0,6.9,0.94,13,0,2025-01-21
S000798,Biologia,10,1,5.82,0.89,129,0,2023-01-04
S000799,Arquitetura,10,1,7.34,0.94,98,0,2023-04-07
S000800,Medicina,6,0,7.2,0.85,75,0,2023-07-09
S000801,Computação,7,0,7.07,0.87,80,0,2024-05-30
S000802,Biologia,7,0,6.33,0.96,72,0,2024-12-18
S000803,Matemática,5,0,6.61,0.81,68,0,2024-09-29
S000804,Medicina,12,0,5.88,0.89,126,0,2024-05-03
S000805,Química,8,0,8.48,0.86,82,0,2025-01-26
S000806,Design,8,1,8.12,0.95,118,0,2023-11-09
S000807,Direito,8,0,7.75,0.79,98,0,2024-12-05
S000808,Biologia,7,0,6.05,0.93,84,0,2023-09-02
S000809,Física,5,1,6.85,0.88,52,0,2023-06-24
S000810,Medicina,11,1,7.84,0.92,129,1,2023-11-19
S000811,Arquitetura,9,0,6.32,0.87,105,1,2024-11-28
S000812,Psicologia,10,1,6.24,0.84,118,1,2023-03-13
S000813,Computação,3,1,7.49,0.78,48,0,2023-06-20
S000814,Direito,9,0,8.04,0.88,118,0,2023-07-11
S000815,Direito,10,1,9.43,0.93,116,0,2023-12-07
S000816,Design,2,0,5.51,0.79,31,0,2024-04-11
S000817,Enfermagem,1,0,8.16,0.81,24,0,2023-05-26
S000818,Economia,7,0,6.3,0.87,85,0,2023-01-14
S000819,Física,1,0,7.58,0.87,19,0,2024-11-13
S000820,Matemática,3,0,7.24,0.88,31,0,2024-04-30
S000821,Enfermagem,11,1,8.16,0.82,123,1,2024-03-14
S000822,Design,5,0,6.52,0.95,78,0,2023-12-09
S000823,Química,5,0,6.93,0.89,65,0,2023-01-22
S000824,Computação,2,0,7.27,0.82,19,0,2023-07-01
S000825,Comunicação,11,0,7.46,0.84,118,0,2023-09-28
S000826,Economia,11,0,7.93,0.84,113,0,2023-03-20
S000827,Computação,4,0,8.01,0.94,36,0,2023-06-24
S000828,Enfermagem,1,0,8.93,0.81,12,0,2024-11-26
S000829,Design,4,0,7.83,0.87,53,0,2023-01-10
S000830,Computação,9,0,5.96,0.8,103,0,2024-08-31
S000831,Psicologia,7,1,6.79,0.94,80,0,2023-12-27
S000832,Engenharia,6,0,7.27,0.95,67,0,2024-04-30
S000833,Psicologia,7,0,7.6,0.86,87,0,2024-08-20
S000834,Design,9,0,9.26,0.91,110,0,2023-01-02
S000835,Física,5,0,9.66,0.72,67,0,2024-05-15
S000836,Medicina,8,1,5.75,0.88,83,0,2023-09-11
S000837,Comunicação,10,1,7.34,0.83,137,0,2024-04-28
S000838,Química,8,1,8.02,0.81,82,0,2023-04-23
S000839,Enfermagem,5,0,7.13,0.86,70,0,2023-02-16
S000840,Administração,12,1,7.22,0.83,142,0,2023-01-18
S000841,Medicina,1,1,7.2,0.88,2,0,2024-08-03
S000842,Engenharia,4,0,6.62,0.87,59,0,2024-11-27
S000843,Economia,6,1,7.21,0.87,63,0,2023-10-25
S000844,Física,10,0,7.76,0.74,116,0,2023-08-22
S000845,Computação,1,0,6.69,0.85,0,0,2024-06-21
S000846,Design,12,0,6.37,0.89,153,0,2024-05-30
S000847,Biologia,9,0,9.33,0.81,101,0,2023-06-21
S000848,Engenharia,9,0,5.59,0.75,98,0,2023-05-31
S000849,Química,1,0,5.01,0.88,11,0,2023-04-07
S000850,Medicina,12,1,7.4,0.78,140,0,2023-04-13
S000851,Economia,6,1,6.65,0.8,75,0,2023-11-08
S000852,Enfermagem,11,0,5.91,0.82,147,0,2025-01-23
S000853,Matemática,5,0,5.73,0.91,65,0,2023-12-10
S000854,Psicologia,3,1,7.28,0.92,35,0,2024-04-08
S000855,Enfermagem,10,0,7.95,0.89,129,0,2024-05-17
S000856,Design,9,0,6.77,0.92,111,0,2025-01-22
S000857,Medicina,4,0,5.07,0.88,35,0,2023-12-26
S000858,Biologia,10,0,7.01,0.86,107,0,2024-07-12
S000859,Arquitetura,10,0,5.48,1.0,116,0,2023-09-21
S000860,Arquitetura,3,0,7.36,0.88,18,0,2024-11-10
S000861,Química,10,1,6.03,0.81,114,0,2024-05-13
S000862,Física,10,1,7.04,0.74,124,0,2023-09-17
S000863,Economia,2,0,8.0,0.86,27,0,2024-01-09
S000864,Computação,8,0,6.31,0.86,81,0,2024-04-14
S000865,Computação,2,0,7.52,0.92,35,0,2023-01-14
S000866,Computação,9,0,9.16,1.0,95,0,2023-12-28
S000867,Computação,6,0,6.98,0.88,76,0,2023-11-05
S000868,Física,1,0,6.4,0.79,15,0,2024-12-28
S000869,Direito,2,0,5.95,0.82,25,0,2023-12-08
S000870,Enfermagem,9,0,5.78,0.84,88,0,2024-06-14
S000871,Arquitetura,2,0,7.08,0.88,16,1,2024-11-10
S000872,Design,9,1,7.11,0.9,115,0,2024-09-02
S000873,Direito,10,0,6.38,0.93,113,1,2024-05-10
S000874,Química,8,0,6.85,0.9,95,0,2023-04-26
S000875,Computação,6,1,4.99,0.8,74,0,2023-10-04
S000876,Psicologia,8,0,7.42,0.86,107,0,2024-12-03
S000877,Física,7,0,8.52,0.85,95,0,2024-06-15
S000878,Engenharia,2,0,6.41,0.84,29,0,2025-01-15
S000879,Biologia,11,0,6.33,0.79,127,0,2024-10-17
S000880,Economia,2,0,7.17,0.9,30,0,2023-01-22
S000881,Computação,6,0,9.36,0.89,68,0,2023-06-01
S000882,Direito,2,0,5.52,0.99,19,0,2024-02-25
S000883,Física,6,0,8.78,0.81,78,0,2023-08-14
S000884,Economia,2,0,5.9,0.91,25,0,2024-11-06
S000885,Enfermagem,12,0,6.83,0.9,140,0,2023-05-26
S000886,Matemática,2,1,6.65,0.96,33,0,2024-01-01
S000887,Economia,3,0,6.06,0.85,38,0,2024-05-24
S000888,Direito,6,0,6.92,0.92,74,0,2023-02-01
S000889,Enfermagem,1,1,6.89,0.82,24,0,2023-09-08
S000890,Arquitetura,11,0,7.38,0.91,125,0,2024-08-14
S000891,Psicologia,10,0,8.5,0.75,100,0,2025-01-28
S000892,Computação,7,0,8.57,0.87,90,0,2024-12-13
S000893,Matemática,12,0,7.76,0.87,135,0,2024-03-17
S000894,Computação,4,1,7.7,0.84,34,1,2024-01-04
S000895,Enfermagem,1,0,8.65,0.72,10,0,2023-07-31
S000896,Comunicação,1,0,5.65,0.98,2,0,2023-04-02
S000897,Arquitetura,11,0,6.84,0.92,131,0,2023-07-18
S000898,Economia,8,0,5.97,0.74,94,0,2024-01-22
S000899,Medicina,10,0,7.11,0.69,131,0,2024-10-16
S000900,Comunicação,10,0,8.58,0.92,110,0,2023-04-21
S000901,Medicina,11,0,6.64,0.79,131,0,2023-10-08
S000902,Psicologia,12,0,4.87,0.84,150,0,2024-10-03
S000903,Psicologia,4,0,6.35,0.97,55,0,2024-11-26
S000904,Medicina,4,0,6.72,0.94,47,0,2024-07-11
S000905,Enfermagem,9,1,7.03,0.88,89,0,2024-04-05
S000906,Arquitetura,3,0,8.24,0.87,47,0,2024-06-23
S000907,Enfermagem,10,0,7.15,0.97,123,0,2023-06-29
S000908,Medicina,1,0,6.01,0.97,6,0,2023-09-29
S000909,Física,1,0,8.85,0.9,16,1,2024-11-26
S000910,Comunicação,8,1,6.85,0.79,85,0,2023-12-24
S000911,Psicologia,11,1,6.58,0.85,146,0,2023-12-06
S000912,Medicina,4,1,6.94,0.83,52,0,2024-02-05
S000913,Psicologia,9,0,6.29,0.91,104,0,2024-08-26
S000914,Engenharia,7,0,6.97,0.95,92,0,2024-03-03
S000915,Computação,2,0,6.3,0.82,26,0,2023-10-10
S000916,Engenharia,3,0,5.75,0.85,35,0,2023-11-13
S000917,Arquitetura,2,1,7.14,0.97,25,0,2023-07-15
S000918,Enfermagem,1,1,6.33,0.92,17,0,2023-02-12
S000919,Computação,1,0,6.12,0.92,4,0,2024-08-16
S000920,Enfermagem,1,1,6.06,0.78,16,0,2024-06-16
S000921,Medicina,2,1,7.17,0.91,20,0,2024-12-19
S000922,Direito,11,0,7.5,0.9,129,0,2023-12-18
S000923,Administração,9,0,6.26,0.81,127,0,2024-09-19
S000924,Biologia,4,0,7.02,0.86,51,0,2023-05-06
S000925,Psicologia,2,0,4.58,0.82,27,1,2024-03-19
S000926,Engenharia,1,0,6.32,0.99,9,0,2024-04-10
S000927,Administração,1,0,7.44,0.85,8,0,2024-08-03
S000928,Arquitetura,1,0,5.75,0.88,0,0,2023-12-22
S000929,Administração,11,1,6.31,0.79,128,0,2023-10-23
S000930,Matemática,6,0,7.2,1.0,74,0,2023-04-23
S000931,Química,5,0,6.93,0.9,54,0,2023-01-09
S000932,Medicina,12,0,5.43,0.92,152,0,2024-05-25
S000933,Engenharia,6,0,7.15,0.85,79,0,2024-12-02
S000934,Economia,2,1,5.97,0.86,19,0,2023-05-31
S000935,Computação,9,0,7.69,0.95,108,0,2024-04-22
S000936,Computação,9,0,8.57,0.84,112,0,2024-11-28
S000937,Medicina,7,0,7.27,0.8,77,0,2023-06-03
S000938,Direito,6,0,8.5,0.83,68,0,2024-06-19
S000939,Direito,5,0,5.92,0.91,50,0,2023-10-24
S000940,Psicologia,11,0,8.43,0.9,129,0,2024-09-30
S000941,Direito,11,1,8.7,0.78,130,0,2024-07-25
S000942,Matemática,3,0,7.57,0.89,30,0,2024-11-11
S000943,Biologia,9,1,5.9,0.77,87,0,2023-06-16
S000944,Design,8,0,7.32,0.77,93,0,2023-11-07
S000945,Medicina,11,0,8.54,0.81,138,0,2024-05-13
S000946,Comunicação,1,0,8.56,0.85,14,0,2023-10-23
S000947,Direito,8,0,7.07,0.9,97,0,2023-03-08
S000948,Economia,5,1,6.38,0.93,58,0,2023-10-29
S000949,Design,8,1,6.99,1.0,108,0,2023-01-16
S000950,Administração,2,1,5.36,0.86,27,0,2024-04-09
S000951,Design,9,0,7.84,0.88,124,0,2023-02-11
S000952,Direito,3,0,6.59,0.74,45,0,2023-08-11
S000953,Engenharia,3,0,4.2,0.69,28,0,2023-10-17
S000954,Direito,11,0,5.26,0.87,129,0,2024-08-30
S000955,Design,9,1,8.78,0.95,97,0,2023-05-07
S000956,Engenharia,1,0,8.17,0.87,8,0,2023-02-24
S000957,Arquitetura,1,0,6.99,0.88,10,0,2024-05-15
S000958,Química,11,0,8.26,0.85,120,0,2023-11-10
S000959,Psicologia,5,0,7.82,0.86,63,0,2023-01-06
S000960,Administração,4,0,6.11,0.78,50,0,2024-03-16
S000961,Comunicação,3,0,6.99,0.78,28,0,2023-12-27
S000962,Engenharia,5,1,8.26,0.78,43,1,2024-11-07
S000963,Física,3,0,5.0,0.77,45,0,2023-01-01
S000964,Design,3,1,6.72,0.79,40,0,2023-02-21
S000965,Matemática,12,0,7.13,0.82,141,0,2023-09-15
S000966,Administração,5,0,6.93,0.85,45,0,2023-05-22
S000967,Química,4,1,5.19,0.88,55,0,2023-12-25
S000968,Medicina,6,0,6.33,0.74,79,0,2023-10-18
S000969,Design,5,0,9.7,0.88,48,0,2024-05-29
S000970,Arquitetura,8,0,8.26,0.85,105,0,2024-11-12
S000971,Economia,10,1,7.49,0.94,116,0,2024-07-28
S000972,Administração,1,0,7.4,0.86,13,0,2023-06-08
S000973,Enfermagem,12,0,8.3,0.91,151,0,2023-03-30
S000974,Arquitetura,7,0,5.3,0.92,80,0,2024-12-31
S000975,Biologia,7,0,7.73,0.87,92,0,2023-10-05
S000976,Engenharia,10,0,5.6,0.92,128,0,2023-05-27
S000977,Comunicação,1,0,5.77,0.82,6,0,2025-01-20
S000978,Biologia,7,1,5.52,0.87,92,0,2023-07-21
S000979,Administração,3,0,7.38,0.95,46,1,2024-03-18
S000980,Biologia,11,1,6.86,0.98,139,0,2024-08-22
S000981,Medicina,6,0,9.24,0.97,62,0,2023-03-24
S000982,Design,4,0,5.73,0.78,48,0,2023-10-25
S000983,Comunicação,12,1,8.89,0.84,139,1,2023-08-13
S000984,Design,3,1,8.89,0.96,35,0,2023-02-02
S000985,Psicologia,12,0,7.06,0.81,143,0,2024-04-29
S000986,Administração,7,0,8.62,0.84,93,0,2023-12-30
S000987,Design,9,0,7.9,0.91,117,0,2023-09-12
S000988,Comunicação,11,1,8.42,0.94,133,0,2024-11-25
S000989,Engenharia,9,0,9.26,0.84,101,0,2024-10-14
S000990,Medicina,7,0,8.06,0.88,70,0,2024-01-31
S000991,Computação,10,0,6.09,0.86,103,0,2024-03-08
S000992,Psicologia,11,0,5.16,0.82,125,0,2024-02-13
S000993,Direito,9,0,8.82,0.85,102,0,2023-04-11
S000994,Design,10,0,7.62,0.95,136,1,2023-09-25
S000995,Biologia,1,0,5.61,0.81,4,1,2023-11-06
S000996,Enfermagem,6,1,6.04,0.82,52,0,2024-09-03
S000997,Economia,7,0,5.79,0.85,75,0,2023-11-15
S000998,Medicina,11,0,6.83,0.83,139,0,2023-06-27
S000999,Física,5,0,7.78,1.0,67,0,2024-07-31
S001000,Direito,7,1,6.31,0.9,80,0,2024-03-22
S001001,Química,2,1,6.64,0.66,28,0,2024-11-26
S001002,Direito,10,1,6.04,0.9,123,0,2023-11-27
S001003,Arquitetura,3,0,7.45,0.82,66,1,2024-08-15
S001004,Química,4,1,7.77,0.82,47,0,2023-05-23
S001005,Design,11,0,7.32,0.84,129,0,2024-11-30
S001006,Física,9,0,8.68,0.91,96,0,2023-07-24
S001007,Arquitetura,10,1,8.17,1.0,116,0,2023-09-14
S001008,Design,5,0,6.43,0.78,59,0,2023-05-19
S001009,Computação,6,0,8.56,0.77,54,0,2024-03-02
S001010,Economia,2,1,6.2,0.92,19,0,2024-07-21
S001011,Medicina,5,1,6.94,0.85,80,0,2023-07-24
S001012,Comunicação,12,0,7.26,0.86,142,0,2023-11-05
S001013,Química,6,0,7.6,0.94,78,0,2023-11-09
S001014,Física,6,0,8.45,0.84,74,0,2023-03-29
S001015,Direito,12,0,7.33,0.81,143,0,2023-11-01
S001016,Matemática,9,0,6.97,0.84,112,0,2024-08-03
S001017,Biologia,12,1,6.35,0.98,141,0,2024-10-05
S001018,Enfermagem,2,1,8.88,0.87,18,0,2024-04-17
S001019,Psicologia,1,1,7.85,0.86,17,0,2024-07-12
S001020,Arquitetura,2,0,7.4,0.84,28,0,2023-07-07
S001021,Psicologia,5,1,6.13,0.77,37,0,2024-01-20
S001022,Administração,12,1,6.04,0.96,119,1,2024-03-23
S001023,Biologia,1,0,5.63,0.9,0,0,2023-04-09
S001024,Comunicação,7,0,8.52,0.83,69,0,2023-05-22
S001025,Direito,4,0,9.31,0.93,41,0,2024-06-23
S001026,Comunicação,12,0,6.78,0.87,120,0,2024-03-28
S001027,Medicina,8,0,6.93,0.88,107,0,2024-12-11
S001028,Computação,2,1,7.06,0.89,27,0,2023-11-17
S001029,Biologia,12,1,6.08,0.96,133,0,2024-05-30
S001030,Engenharia,11,0,6.97,0.83,131,0,2024-12-02
S001031,Computação,5,1,7.59,0.78,62,1,2024-12-30
S001032,Design,7,0,6.74,0.96,83,1,2024-01-02
S001033,Direito,1,0,6.81,0.86,20,0,2024-04-24
S001034,Enfermagem,6,1,6.35,0.92,95,0,2023-12-29
S001035,Matemática,2,1,6.5,0.79,31,0,2024-03-13
S001036,Química,12,0,5.33,0.84,142,0,2024-04-22
S001037,Matemática,8,0,6.12,0.83,103,0,2024-03-06
S001038,Física,7,1,9.21,0.79,76,0,2024-02-25
S001039,Direito,10,0,8.18,0.85,120,0,2024-04-17
S001040,Química,5,0,7.24,0.72,66,0,2023-01-29
S001041,Psicologia,5,0,7.22,0.84,34,0,2024-07-26
S001042,Administração,12,0,6.34,0.69,141,0,2023-01-28
S001043,Engenharia,4,0,7.16,0.7,43,0,2024-03-07
S001044,Design,2,1,7.72,0.85,15,0,2023-04-01
S001045,Design,1,0,8.0,0.88,9,0,2023-05-24
S001046,Psicologia,2,1,7.09,0.85,14,0,2024-09-21
S001047,Comunicação,5,0,6.86,0.8,65,1,2023-11-06
S001048,Design,9,0,5.92,0.87,115,0,2023-09-06
S001049,Engenharia,11,0,7.06,0.83,132,0,2024-08-17
S001050,Computação,8,0,6.49,0.83,86,0,2024-06-08
S001051,Design,2,0,7.93,1.0,28,0,2024-01-18
S001052,Biologia,5,0,6.19,0.93,57,0,2023-05-11
S001053,Direito,10,0,7.02,0.8,139,0,2024-09-27
S001054,Psicologia,8,0,5.19,0.88,83,0,2024-07-10
S001055,Comunicação,4,1,9.87,0.9,56,0,2024-08-02
S001056,Economia,6,1,7.4,0.83,53,1,2023-10-28
S001057,Química,2,0,8.86,0.66,28,0,2023-02-24
S001058,Comunicação,1,0,7.99,0.77,30,0,2024-02-07
S001059,Medicina,10,0,5.1,0.9,135,0,2023-05-09
S001060,Biologia,11,0,6.79,0.92,130,0,2024-02-17
S001061,Direito,6,0,7.58,0.97,63,0,2024-11-17
S001062,Psicologia,4,0,7.54,0.85,52,0,2023-01-07
S001063,Física,4,0,6.4,0.76,48,0,2024-04-18
S001064,Psicologia,9,1,5.98,0.95,82,0,2024-06-14
S001065,Comunicação,4,0,5.05,0.76,41,0,2024-04-16
S001066,Psicologia,1,0,7.79,0.83,0,0,2023-02-25
S001067,Química,5,0,6.45,0.88,68,0,2023-03-28
S001068,Psicologia,6,0,8.36,0.79,77,0,2023-02-26
S001069,Física,1,0,6.09,0.88,21,0,2023-10-04
S001070,Computação,1,0,8.2,0.86,2,0,2024-10-27
S001071,Direito,10,0,8.14,0.92,117,1,2023-04-20
S001072,Biologia,12,0,7.27,0.83,148,0,2023-12-08
S001073,Arquitetura,8,0,6.23,0.82,100,0,2024-08-31
S001074,Física,1,1,5.33,0.83,2,0,2023-04-10
S001075,Química,8,0,7.08,0.86,103,0,2023-10-25
S001076,Economia,6,0,7.87,0.86,70,0,2024-08-02
S001077,Enfermagem,2,0,6.18,0.85,18,0,2024-05-08
S001078,Química,12,1,8.56,0.94,171,0,2024-12-08
S001079,Biologia,10,0,6.99,0.8,120,0,2023-12-06
S001080,Computação,6,0,6.01,0.84,81,0,2023-03-04
S001081,Administração,7,0,6.82,0.81,83,0,2023-05-05
S001082,Química,12,0,6.53,0.9,139,0,2025-01-28
S001083,Direito,6,0,5.49,0.98,86,0,2024-08-21
S001084,Física,8,0,7.22,0.84,109,0,2024-11-21
S001085,Matemática,10,0,7.2,0.87,115,0,2024-06-07
S001086,Computação,10,0,6.71,0.92,111,0,2025-01-27
S001087,Enfermagem,6,0,6.89,0.98,77,0,2025-01-04
S001088,Engenharia,9,1,7.97,0.77,112,0,2023-02-24
S001089,Medicina,5,0,5.97,0.93,75,0,2024-12-19
S001090,Economia,11,1,7.2,0.75,134,0,2023-07-29
S001091,Engenharia,5,1,7.04,0.86,63,0,2024-06-12
S001092,Biologia,8,1,8.38,0.87,95,0,2023-05-28
S001093,Psicologia,1,0,7.01,1.0,24,1,2024-07-29
S001094,Administração,11,1,5.77,0.96,135,0,2025-01-28
S001095,Psicologia,7,1,8.28,0.7,96,0,2024-05-22
S001096,Enfermagem,2,0,8.18,0.87,3,0,2023-05-20
S001097,Administração,12,0,7.12,0.94,138,0,2023-08-17
S001098,Computação,1,0,7.66,0.85,4,0,2024-11-22
S001099,Física,2,1,8.1,0.94,3,0,2024-10-17
S001100,Física,7,0,6.97,0.79,96,0,2023-06-08
S001101,Enfermagem,4,0,7.4,0.94,47,1,2023-11-05
S001102,Biologia,2,0,8.41,0.86,14,0,2024-10-05
S001103,Computação,8,0,7.44,0.83,85,1,2023-11-15
S001104,Física,5,0,7.16,0.87,55,0,2025-01-06
S001105,Arquitetura,3,0,7.05,0.82,26,0,2023-01-07
S001106,Computação,1,1,7.49,0.91,20,0,2024-05-11
S001107,Direito,9,0,6.65,0.88,129,0,2024-09-30
S001108,Engenharia,4,0,7.53,0.95,47,0,2024-12-05
S001109,Enfermagem,1,1,6.79,0.89,19,0,2023-07-25
S001110,Física,1,1,6.57,0.89,7,0,2023-04-28
S001111,Física,6,0,6.45,0.86,87,0,2023-03-10
S001112,Administração,12,0,8.43,0.73,130,0,2023-01-01
S001113,Direito,6,0,8.44,0.81,64,0,2023-06-06
S001114,Administração,3,0,6.8,0.97,39,0,2024-09-10
S001115,Economia,4,1,7.46,0.86,39,0,2023-05-04
S001116,Comunicação,7,0,8.52,0.88,97,0,2024-06-16
S001117,Computação,7,0,8.04,0.94,67,0,2023-04-10
S001118,Arquitetura,9,1,7.9,0.73,115,0,2023-09-11
S001119,Psicologia,6,0,5.74,0.85,49,0,2023-07-29
S001120,Direito,3,0,6.87,0.95,37,0,2023-04-17
S001121,Direito,8,0,6.52,0.81,99,0,2024-04-30
S001122,Arquitetura,7,0,8.35,0.71,95,0,2023-01-26
S001123,Enfermagem,5,0,6.98,0.93,54,0,2024-06-01
S001124,Arquitetura,10,1,9.04,0.8,116,0,2024-03-30
S001125,Direito,7,0,7.63,0.88,73,1,2024-02-05
S001126,Design,3,0,8.76,1.0,35,0,2023-02-26
S001127,Comunicação,9,0,7.67,0.79,106,0,2023-05-05
S001128,Administração,6,0,7.11,0.82,84,0,2023-11-04
S001129,Física,2,0,7.56,0.86,23,0,2024-02-19
S001130,Química,1,0,8.09,0.9,11,0,2024-05-10
S001131,Direito,6,0,8.07,0.8,81,0,2023-07-08
S001132,Economia,9,1,6.69,0.73,113,0,2023-08-29
S001133,Computação,2,0,5.7,0.88,8,0,2024-07-13
S001134,Economia,3,0,7.53,0.78,20,0,2023-09-24
S001135,Engenharia,4,0,7.56,0.85,29,0,2024-09-19
S001136,Comunicação,2,0,7.85,0.73,20,0,2024-11-28
S001137,Arquitetura,8,0,7.44,0.84,82,0,2024-03-25
S001138,Biologia,5,1,6.43,0.96,41,0,2024-11-04
S001139,Computação,1,0,6.26,0.9,0,0,2024-09-23
S001140,Arquitetura,12,0,7.38,0.92,160,1,2023-05-07
S001141,Administração,1,1,7.07,0.87,0,0,2024-03-18
S001142,Biologia,5,0,6.77,0.94,63,0,2023-05-30
S001143,Administração,4,0,6.84,0.92,49,0,2024-10-13
S001144,Física,6,0,7.73,0.83,79,0,2023-01-23
S001145,Comunicação,4,0,8.49,0.83,65,0,2023-07-09
S001146,Engenharia,2,1,7.54,0.93,15,0,2023-05-26
S001147,Medicina,11,0,6.79,0.87,129,0,2024-11-04
S001148,Medicina,9,0,6.37,0.95,102,0,2023-09-04
S001149,Biologia,7,1,9.41,0.95,91,1,2023-06-24
S001150,Enfermagem,9,1,5.56,0.76,96,0,2024-06-07
S001151,Administração,8,1,9.29,0.85,111,0,2025-01-29
S001152,Comunicação,9,0,7.99,0.87,110,0,2024-12-17
S001153,Engenharia,6,1,6.46,0.83,72,0,2024-07-13
S001154,Psicologia,1,0,7.2,0.96,0,0,2023-07-25
S001155,Direito,4,0,7.44,0.83,35,0,2024-05-02
S001156,Medicina,12,0,7.32,0.86,162,0,2024-05-06
S001157,Computação,9,0,6.61,0.8,115,0,2023-10-24
S001158,Química,9,0,7.28,0.92,120,0,2023-10-24
S001159,Comunicação,5,0,6.9,0.9,61,0,2024-11-14
S001160,Engenharia,8,1,6.4,0.84,74,0,2023-04-13
S001161,Psicologia,8,1,7.54,0.91,88,0,2024-08-25
S001162,Arquitetura,4,0,7.12,0.85,49,0,2024-05-19
S001163,Engenharia,4,0,5.56,0.82,35,0,2024-01-12
S001164,Economia,5,0,6.97,1.0,67,0,2024-11-14
S001165,Química,4,1,8.1,0.95,36,0,2023-10-09
S001166,Psicologia,10,0,7.98,0.83,117,0,2024-02-05
S001167,Engenharia,12,1,5.54,0.88,138,0,2024-01-31
S001168,Biologia,10,0,7.89,0.81,115,0,2024-12-15
S001169,Enfermagem,8,1,6.68,0.84,85,0,2023-04-20
S001170,Biologia,12,1,9.84,0.86,149,0,2024-04-20
S001171,Arquitetura,6,1,3.79,0.89,66,0,2024-03-02
S001172,Comunicação,9,0,7.38,0.82,104,0,2024-03-11
S001173,Matemática,2,0,6.99,0.88,40,0,2023-06-01
S001174,Química,9,0,7.55,0.93,124,1,2023-01-29
S001175,Computação,1,0,5.12,0.71,21,0,2023-10-18
S001176,Design,2,0,4.46,0.86,35,0,2024-04-13
S001177,Design,3,1,7.01,0.8,39,0,2023-05-04
S001178,Biologia,12,0,7.17,0.8,147,0,2024-07-31
S001179,Enfermagem,12,0,6.86,0.91,148,0,2024-02-03
S001180,Física,9,0,7.72,0.92,101,0,2023-01-12
S001181,Computação,11,0,6.88,0.71,138,0,2024-08-17
S001182,Arquitetura,4,1,5.44,0.84,48,0,2023-11-07
S001183,Matemática,10,0,6.1,0.91,114,0,2023-02-04
S001184,Computação,10,0,8.23,0.92,126,1,2024-10-22
S001185,Psicologia,8,0,7.56,1.0,93,0,2024-10-28
S001186,Psicologia,2,0,6.7,0.86,45,0,2024-11-03
S001187,Computação,8,0,5.09,0.76,96,0,2024-09-26
S001188,Direito,4,1,6.61,0.96,41,0,2024-03-31
S001189,Biologia,3,1,7.17,0.82,29,0,2023-02-13
S001190,Design,10,1,8.87,0.86,126,0,2023-12-30
S001191,Comunicação,5,0,6.35,0.95,42,0,2023-05-23
S001192,Economia,8,0,5.63,0.8,98,0,2024-04-24
S001193,Administração,10,0,7.02,0.81,133,1,2025-01-10
S001194,Arquitetura,3,1,8.41,0.83,54,0,2024-04-14
S001195,Enfermagem,6,0,7.57,0.92,77,0,2023-10-11
S001196,Física,5,0,7.54,0.82,47,0,2023-01-10
S001197,Engenharia,9,1,7.45,0.92,110,0,2023-06-12
S001198,Arquitetura,11,0,6.49,0.76,128,0,2024-01-02
S001199,Design,3,1,6.98,0.97,40,0,2024-05-27
S001200,Administração,8,0,6.62,0.87,86,0,2024-05-30
S001201,Medicina,6,0,6.14,0.86,74,0,2023-08-04
S001202,Matemática,8,0,6.88,0.88,90,0,2023-12-24
S001203,Engenharia,1,0,7.55,0.88,15,0,2024-12-24
S001204,Matemática,4,0,8.71,0.76,51,0,2024-06-21
S001205,Química,4,0,6.03,0.86,50,0,2024-02-04
S001206,Química,7,1,8.69,0.88,92,1,2024-06-09
S001207,Comunicação,12,0,7.32,0.83,152,0,2023-03-06
S001208,Design,1,0,8.02,0.82,3,0,2023-06-28
S001209,Psicologia,12,0,7.03,0.91,156,0,2024-11-02
S001210,Economia,6,1,6.89,0.83,72,0,2023-06-05
S001211,Matemática,6,0,7.73,1.0,79,0,2023-12-27
S001212,Design,8,0,7.1,0.73,96,0,2024-11-02
S001213,Química,1,0,6.06,0.85,7,0,2025-01-06
S001214,Psicologia,5,1,6.11,0.84,74,0,2024-07-30
S001215,Física,8,0,8.74,0.77,85,0,2023-12-14
S001216,Computação,7,0,7.16,0.92,90,0,2024-04-15
S001217,Medicina,12,0,7.76,0.76,148,0,2025-01-02
S001218,Química,3,0,7.87,0.85,35,0,2023-05-24
S001219,Arquitetura,10,0,7.14,0.74,129,0,2023-10-13
S001220,Física,3,0,5.01,0.8,38,0,2024-11-05
S001221,Medicina,6,0,7.09,1.0,68,0,2023-11-07
S001222,Arquitetura,3,1,6.35,0.86,50,0,2024-02-08
S001223,Física,9,0,7.59,0.97,115,0,2023-03-11
S001224,Enfermagem,1,0,5.87,0.97,4,0,2024-10-22
S001225,Economia,10,1,9.3,0.88,119,0,2024-05-10
S001226,Medicina,6,0,8.47,0.93,75,0,2024-01-21
S001227,Engenharia,6,1,8.45,0.81,93,0,2024-04-28
S001228,Computação,12,1,7.96,0.87,142,0,2024-09-12
S001229,Direito,7,1,6.67,0.87,77,0,2024-11-05
S001230,Economia,1,0,7.15,0.79,21,0,2023-07-04
S001231,Engenharia,9,1,7.19,0.91,102,0,2024-08-12
S001232,Arquitetura,3,0,7.57,0.94,43,0,2024-12-26
S001233,Direito,8,0,7.65,0.85,109,0,2024-06-03
S001234,Economia,7,0,6.65,0.88,73,0,2024-11-05
S001235,Direito,9,0,8.16,0.79,115,1,2024-06-22
S001236,Design,6,0,6.18,0.95,67,0,2023-09-23
S001237,Psicologia,10,1,9.17,0.73,125,0,2023-05-13
S001238,Física,6,0,7.4,0.93,74,0,2024-12-15
S001239,Matemática,8,0,5.46,0.89,101,0,2023-11-28
S001240,Química,6,0,7.74,0.87,73,0,2024-08-25
S001241,Psicologia,6,0,4.49,0.86,82,0,2024-08-17
S001242,Comunicação,8,0,7.1,0.9,87,0,2023-12-23
S001243,Biologia,10,0,6.83,0.79,113,1,2024-08-21
S001244,Arquitetura,4,1,5.92,0.86,52,0,2024-09-24
S001245,Física,9,0,6.52,0.78,137,0,2024-02-18
S001246,Medicina,1,1,8.06,0.98,8,1,2023-03-11
S001247,Psicologia,10,0,4.3,0.81,124,0,2023-02-16
S001248,Química,2,0,7.37,0.8,23,0,2023-01-31
S001249,Arquitetura,9,0,9.38,0.99,114,0,2025-01-20
S001250,Administração,5,0,5.36,0.82,54,0,2023-06-12
S001251,Economia,7,0,5.76,0.74,83,1,2023-08-26
S001252,Design,10,0,8.59,0.88,116,0,2023-04-09
S001253,Design,9,0,8.01,0.9,106,0,2024-11-12
S001254,Medicina,6,1,5.75,0.79,80,0,2023-04-19
S001255,Design,9,0,6.55,0.88,109,1,2024-05-26
S001256,Administração,1,0,7.88,0.88,7,0,2024-11-26
S001257,Química,7,0,7.37,0.8,87,0,2024-05-02
S001258,Administração,4,0,5.92,0.95,68,0,2023-11-28
S001259,Matemática,8,0,6.21,0.89,99,0,2023-08-26
S001260,Engenharia,9,0,7.54,0.8,116,0,2025-01-20
S001261,Economia,12,0,7.11,0.92,144,0,2023-08-31
S001262,Química,1,0,9.11,0.71,26,0,2023-04-18
S001263,Engenharia,3,0,7.06,0.84,28,0,2023-06-28
S001264,Engenharia,4,1,6.99,0.84,50,0,2025-01-15
S001265,Administração,3,0,5.84,0.9,51,0,2024-01-29
S001266,Medicina,2,1,8.05,0.88,29,0,2024-03-06
S001267,Computação,10,0,5.76,0.88,107,0,2023-03-07
S001268,Direito,7,0,8.2,0.9,74,1,2023-03-05
S001269,Computação,11,0,7.78,0.83,127,0,2024-09-18
S001270,Design,1,1,7.95,1.0,12,0,2023-09-14
S001271,Computação,4,0,6.8,0.85,42,0,2023-04-28
S001272,Enfermagem,12,1,9.25,0.87,126,0,2023-02-08
S001273,Psicologia,5,0,6.85,0.87,54,1,2023-03-16
S001274,Química,7,1,6.22,0.95,82,0,2024-03-28
S001275,Arquitetura,2,0,8.05,0.88,25,0,2024-01-19
S001276,Computação,5,0,6.25,0.78,75,0,2024-09-13
S001277,Computação,1,0,6.42,0.91,11,0,2024-10-08
S001278,Química,3,1,6.95,0.9,36,0,2023-01-31
S001279,Enfermagem,10,0,6.75,0.94,125,0,2023-06-28
S001280,Biologia,11,0,6.73,0.78,139,0,2023-11-25
S001281,Economia,1,0,6.65,0.97,4,0,2023-04-21
S001282,Engenharia,11,0,7.02,0.92,132,0,2024-12-16
S001283,Arquitetura,12,0,8.39,0.87,133,0,2024-04-05
S001284,Comunicação,10,0,8.64,0.79,123,0,2024-01-22
S001285,Medicina,8,0,7.32,0.91,93,0,2023-05-17
S001286,Matemática,3,0,8.71,0.87,23,0,2024-10-14
S001287,Comunicação,10,0,7.57,0.97,123,0,2024-08-10
S001288,Arquitetura,6,0,7.1,0.82,70,0,2024-07-23
S001289,Biologia,3,0,8.52,0.88,48,0,2023-07-24
S001290,Química,12,0,6.7,0.92,144,0,2023-07-20
S001291,Física,6,0,6.69,0.86,81,0,2023-09-16
S001292,Física,12,0,7.2,0.84,135,0,2024-05-17
S001293,Engenharia,2,0,9.2,0.87,12,0,2024-03-24
S001294,Administração,12,1,8.12,0.75,155,0,2024-11-26
S001295,Enfermagem,11,1,8.05,1.0,137,0,2023-10-20
S001296,Enfermagem,2,0,8.0,0.84,28,0,2023-08-19
S001297,Medicina,3,0,4.81,0.92,18,0,2023-07-26
S001298,Computação,4,0,5.94,0.91,49,0,2025-01-29
S001299,Arquitetura,1,1,8.67,0.95,11,0,2023-06-15
S001300,Comunicação,11,1,5.74,0.82,131,0,2024-03-20
S001301,Comunicação,4,1,6.4,0.88,67,0,2024-06-25
S001302,Comunicação,3,0,8.84,0.91,21,0,2023-07-16
S001303,Engenharia,10,0,7.13,0.86,114,1,2023-03-30
S001304,Medicina,12,0,5.48,0.95,148,0,2024-08-19
S001305,Administração,10,0,7.17,0.9,106,0,2023-01-25
S001306,Design,9,0,5.48,0.95,108,0,2024-10-06
S001307,Computação,9,0,7.77,0.89,104,0,2024-11-15
S001308,Matemática,12,0,7.4,0.87,159,0,2023-04-09
S001309,Biologia,2,0,6.05,0.79,19,1,2023-07-28
S001310,Biologia,5,1,7.52,0.87,54,0,2023-02-04
S001311,Comunicação,7,0,6.7,0.95,81,0,2023-05-24
S001312,Medicina,1,0,7.48,0.89,31,0,2023-01-06
S001313,Psicologia,3,1,6.05,0.94,30,0,2024-01-04
S001314,Design,11,0,6.42,0.83,127,0,2024-02-22
S001315,Psicologia,6,0,8.98,0.74,64,0,2024-08-04
S001316,Física,9,0,5.78,0.79,115,0,2024-07-13
S001317,Enfermagem,3,0,8.42,0.75,39,0,2023-03-15
S001318,Economia,3,0,6.17,0.83,24,0,2023-12-15
S001319,Química,4,0,8.36,0.84,36,0,2023-07-09
S001320,Design,9,0,8.24,0.8,104,0,2024-11-29
S001321,Enfermagem,8,1,7.24,0.95,94,0,2025-01-17
S001322,Administração,11,1,7.22,0.9,141,0,2025-01-15
S001323,Psicologia,2,0,7.52,0.91,33,0,2024-10-19
S001324,Biologia,1,1,5.25,0.78,28,0,2024-06-24
S001325,Computação,2,0,7.42,0.96,22,0,2024-05-23
S001326,Matemática,4,1,6.36,0.97,36,0,2023-07-14
S001327,Física,10,0,6.0,0.83,116,0,2023-08-01
S001328,Arquitetura,4,0,7.95,0.77,48,0,2024-08-07
S001329,Design,6,0,7.28,1.0,77,0,2024-04-30
S001330,Computação,4,0,6.29,0.86,54,0,2024-05-27
S001331,Administração,1,0,6.75,0.94,17,1,2023-12-27
S001332,Química,5,1,5.76,0.97,58,0,2024-01-01
S001333,Arquitetura,12,0,6.88,0.92,130,0,2024-09-25
S001334,Química,10,1,6.95,0.96,145,0,2024-07-26
S001335,Matemática,4,1,7.34,0.76,42,0,2023-05-22
S001336,Matemática,3,0,7.77,1.0,33,0,2023-03-10
S001337,Direito,2,1,8.35,1.0,25,0,2024-03-25
S001338,Computação,12,1,5.76,0.92,159,0,2024-03-13
S001339,Matemática,4,0,6.98,0.81,47,0,2024-10-02
S001340,Engenharia,7,0,7.69,0.77,75,0,2024-01-21
S001341,Química,9,0,7.25,0.95,103,0,2023-03-14
S001342,Design,7,0,7.44,0.88,92,0,2024-08-05
S001343,Engenharia,4,1,7.87,0.86,45,0,2023-03-22
S001344,Química,10,1,7.38,0.95,103,0,2023-05-11
S001345,Engenharia,6,0,8.68,0.88,73,0,2024-06-13
S001346,Biologia,2,0,5.61,0.88,17,0,2023-11-02
S001347,Economia,4,1,7.79,0.85,52,0,2023-04-14
S001348,Administração,7,0,7.57,0.83,75,0,2023-05-01
S001349,Direito,12,1,7.0,0.82,144,0,2024-05-25
S001350,Psicologia,1,0,7.08,0.88,12,0,2023-08-25
S001351,Biologia,7,0,6.72,0.75,73,0,2023-02-22
S001352,Psicologia,1,0,6.2,0.82,12,0,2024-09-07
S001353,Física,11,0,6.81,0.79,136,1,2024-07-07
S001354,Matemática,4,0,7.4,0.81,56,0,2023-12-05
S001355,Enfermagem,10,0,7.82,0.78,117,0,2023-01-24
S001356,Economia,4,0,7.21,0.86,42,1,2023-08-18
S001357,Física,8,0,6.96,0.75,98,0,2023-10-24
S001358,Matemática,11,0,8.59,0.89,135,0,2023-09-15
S001359,Administração,11,0,8.2,0.94,138,0,2024-02-04
S001360,Administração,11,0,7.05,0.91,143,0,2024-12-21
S001361,Economia,6,0,7.01,0.78,64,0,2024-01-02
S001362,Matemática,5,1,6.25,0.86,56,0,2023-03-11
S001363,Arquitetura,1,0,6.95,0.83,13,1,2023-06-11
S001364,Engenharia,2,0,7.27,0.89,22,0,2023-10-22
S001365,Biologia,4,1,8.11,0.96,52,0,2023-03-18
S001366,Medicina,12,1,8.22,0.74,141,0,2024-07-01
S001367,Computação,8,0,4.81,0.86,103,0,2024-08-12
S001368,Física,10,0,6.75,0.95,124,0,2023-09-05
S001369,Medicina,7,0,5.69,0.92,87,1,2024-06-14
S001370,Economia,2,0,8.27,0.91,32,0,2024-09-17
S001371,Biologia,7,1,7.0,0.95,89,0,2024-05-27
S001372,Arquitetura,3,0,7.01,0.87,39,0,2023-11-16
S001373,Comunicação,6,0,8.33,0.93,63,0,2024-02-13
S001374,Economia,6,1,6.04,0.93,68,0,2024-09-25
S001375,Direito,10,0,6.64,0.93,124,0,2023-02-28
S001376,Medicina,2,0,7.81,0.91,27,0,2024-07-13
S001377,Direito,7,0,6.39,0.92,75,0,2024-12-15
S001378,Biologia,9,0,7.82,0.8,111,1,2023-04-24
S001379,Física,9,0,9.24,0.74,103,0,2024-08-19
S001380,Biologia,9,0,7.27,0.91,108,0,2024-04-27
S001381,Medicina,4,0,7.62,0.9,40,0,2023-09-27
S001382,Administração,4,0,8.65,0.82,47,1,2024-10-30
S001383,Design,4,1,6.47,0.93,53,0,2023-01-31
S001384,Administração,12,0,7.24,0.97,145,0,2023-02-03
S001385,Arquitetura,3,0,7.62,0.94,30,0,2023-12-13
S001386,Administração,3,0,6.96,0.85,29,0,2024-03-07
S001387,Psicologia,11,0,9.09,0.9,126,0,2023-09-25
S001388,Comunicação,3,0,6.67,0.81,42,1,2023-07-25
S001389,Economia,8,1,6.07,0.95,102,0,2023-12-09
S001390,Direito,8,0,5.12,0.78,91,1,2023-03-02
S001391,Economia,6,0,7.0,0.86,70,1,2023-05-23
S001392,Física,11,1,6.13,0.83,120,0,2023-07-29
S001393,Medicina,3,0,6.49,0.95,39,0,2024-07-14
S001394,Enfermagem,1,0,8.44,0.95,27,0,2025-01-21
S001395,Arquitetura,8,1,6.62,0.92,82,0,2023-12-04
S001396,Medicina,6,0,6.74,0.83,86,0,2024-11-10
S001397,Computação,9,1,7.26,0.88,91,0,2023-03-05
S001398,Administração,11,0,6.79,0.83,127,0,2023-08-30
S001399,Matemática,4,0,6.88,0.79,48,0,2024-05-20
S001400,Comunicação,2,0,6.15,0.83,38,0,2023-03-16
S001401,Administração,6,0,3.93,0.96,78,0,2024-07-31
S001402,Comunicação,1,0,7.77,0.89,7,0,2024-09-16
S001403,Design,4,0,6.33,0.81,41,0,2024-12-20
S001404,Psicologia,5,0,6.53,0.97,62,0,2023-02-06
S001405,Direito,11,0,8.82,0.92,138,0,2023-12-21
S001406,Enfermagem,6,0,8.01,0.87,64,0,2023-03-14
S001407,Biologia,7,0,7.87,0.91,70,0,2024-03-02
S001408,Computação,11,0,9.28,0.91,120,0,2024-09-04
S001409,Comunicação,1,1,9.6,0.87,21,0,2025-01-27
S001410,Enfermagem,1,0,7.82,0.95,14,0,2024-09-19
S001411,Computação,7,0,5.98,0.84,80,0,2023-03-24
S001412,Biologia,7,0,8.94,0.66,74,0,2024-07-18
S001413,Enfermagem,8,1,8.16,0.76,94,0,2024-05-05
S001414,Economia,5,1,5.45,0.9,70,0,2023-05-13
S001415,Computação,1,0,7.93,0.98,10,0,2023-10-05
S001416,Design,11,1,7.09,0.98,125,1,2025-01-10
S001417,Física,7,0,8.81,1.0,74,0,2023-02-12
S001418,Química,10,0,7.49,0.81,122,0,2023-04-17
S001419,Biologia,8,1,6.95,1.0,94,0,2023-02-06
S001420,Enfermagem,5,1,4.78,0.93,69,0,2024-05-23
S001421,Engenharia,2,0,6.39,1.0,32,0,2024-06-03
S001422,Biologia,7,1,8.77,0.8,87,0,2023-08-19
S001423,Medicina,10,1,8.76,0.93,101,0,2024-10-27
S001424,Administração,12,0,7.03,0.81,151,0,2023-12-25
S001425,Matemática,10,0,7.68,0.94,112,0,2024-03-17
S001426,Computação,12,1,6.83,0.82,150,0,2024-05-04
S001427,Enfermagem,5,1,6.7,1.0,53,0,2023-11-07
S001428,Biologia,2,1,8.02,0.84,36,1,2023-08-22
S001429,Computação,1,0,8.32,0.93,18,0,2023-01-22
S001430,Administração,9,0,8.43,0.76,106,0,2023-02-26
S001431,Design,3,0,4.58,0.92,55,1,2023-01-27
S001432,Design,2,1,7.87,0.81,34,0,2023-07-20
S001433,Computação,9,0,5.28,0.9,114,0,2024-07-01
S001434,Biologia,3,1,6.52,1.0,39,0,2024-09-14
S001435,Arquitetura,7,0,4.98,0.88,86,0,2024-01-24
S001436,Engenharia,8,1,7.15,0.92,96,0,2024-11-29
S001437,Direito,10,0,7.84,0.78,119,0,2024-12-01
S001438,Matemática,5,0,6.38,0.82,69,0,2025-01-25
S001439,Química,11,0,7.16,0.86,134,0,2023-01-19
S001440,Comunicação,3,1,7.95,0.81,40,0,2024-07-19
S001441,Administração,2,0,8.5,0.88,0,0,2024-05-08
S001442,Matemática,3,1,9.48,0.81,27,1,2023-02-23
S001443,Biologia,9,0,7.27,1.0,99,0,2024-02-01
S001444,Biologia,8,0,7.79,0.88,88,0,2024-01-22
S001445,Computação,2,1,8.02,0.87,48,0,2024-12-13
S001446,Biologia,4,1,6.16,0.89,36,0,2023-05-09
S001447,Computação,11,1,9.65,0.88,125,0,2024-03-16
S001448,Economia,9,0,4.61,0.89,108,0,2024-12-19
S001449,Direito,12,1,7.36,0.87,160,0,2024-03-13
S001450,Química,1,1,6.79,0.71,22,0,2024-07-16
S001451,Medicina,2,1,7.03,0.89,15,0,2023-05-22
S001452,Administração,4,0,6.74,0.94,67,0,2023-04-29
S001453,Economia,4,0,7.99,0.89,53,1,2024-03-24
S001454,Economia,9,0,7.94,0.86,99,0,2023-05-01
S001455,Biologia,10,0,7.34,0.85,99,0,2024-09-22
S001456,Direito,5,0,7.22,0.92,77,0,2024-01-12
S001457,Medicina,1,1,6.56,0.84,18,0,2023-12-27
S001458,Direito,6,1,8.26,0.85,74,0,2023-07-18
S001459,Química,2,1,8.1,0.81,26,0,2023-12-18
S001460,Administração,11,0,7.17,0.87,147,0,2024-03-23
S001461,Comunicação,3,1,6.38,0.82,46,0,2023-03-01
S001462,Medicina,10,1,7.65,0.82,112,0,2023-09-01
S001463,Física,7,0,7.6,0.91,55,0,2023-08-26
S001464,Enfermagem,2,0,6.91,0.85,27,0,2023-04-05
S001465,Comunicação,5,1,6.21,0.96,63,0,2024-08-25
S001466,Engenharia,10,1,5.53,0.86,113,0,2023-01-11
S001467,Design,3,1,7.49,0.85,45,0,2023-08-21
S001468,Arquitetura,4,0,7.32,0.96,49,0,2024-02-27
S001469,Economia,12,0,6.85,0.9,149,0,2024-07-03
S001470,Química,5,0,7.18,0.88,62,0,2024-08-04
S001471,Psicologia,12,0,7.41,0.89,145,0,2023-02-16
S001472,Psicologia,12,0,7.63,0.85,133,1,2023-01-16
S001473,Matemática,8,0,9.18,0.97,91,1,2025-01-07
S001474,Comunicação,9,1,6.6,0.69,97,0,2023-09-13
S001475,Direito,9,1,6.73,0.85,110,0,2023-02-28
S001476,Direito,7,0,6.75,0.9,92,0,2023-03-20
S001477,Física,1,0,7.3,0.86,0,0,2023-02-28
S001478,Psicologia,8,0,6.03,0.91,106,0,2023-05-10
S001479,Computação,6,0,6.15,0.94,73,0,2024-03-25
S001480,Biologia,6,0,7.22,0.69,68,0,2023-07-04
S001481,Química,9,0,8.06,0.93,110,0,2023-10-17
S001482,Psicologia,3,0,7.55,0.86,39,0,2023-02-14
S001483,Química,3,0,7.55,0.76,30,0,2023-11-18
S001484,Direito,9,0,8.05,0.74,123,0,2023-12-25
S001485,Direito,4,0,7.51,0.81,40,0,2024-09-08
S001486,Enfermagem,6,0,6.17,0.9,74,0,2024-11-01
S001487,Economia,5,1,7.59,0.76,64,0,2023-09-08
S001488,Computação,10,0,5.98,0.79,122,0,2023-10-27
S001489,Design,6,1,7.96,0.77,71,0,2023-05-13
S001490,Economia,9,0,6.04,0.83,114,0,2024-09-12
S001491,Computação,7,0,6.17,0.92,79,0,2024-02-12
S001492,Psicologia,7,0,6.01,0.87,81,0,2024-05-05
S001493,Medicina,7,0,6.48,0.83,64,0,2024-11-04
S001494,Medicina,2,1,8.22,0.98,36,0,2023-05-06
S001495,Engenharia,4,0,7.46,0.76,47,0,2024-11-03
S001496,Computação,7,0,5.84,0.81,79,0,2023-03-20
S001497,Economia,2,0,7.35,0.74,19,1,2023-03-20
S001498,Arquitetura,10,0,7.08,0.91,134,0,2023-09-14
S001499,Arquitetura,4,0,5.36,0.82,47,0,2024-07-10
S001500,Matemática,10,0,8.73,0.89,102,0,2023-07-30
S001501,Biologia,9,0,7.58,0.88,98,0,2024-05-21
S001502,Medicina,2,0,7.6,0.88,32,0,2024-12-23
S001503,Química,8,0,8.04,0.87,84,0,2025-01-22
S001504,Design,5,0,5.08,0.87,58,1,2024-01-01
S001505,Medicina,4,0,8.48,0.84,53,0,2023-08-14
S001506,Arquitetura,3,0,6.82,0.79,48,0,2024-03-30
S001507,Enfermagem,2,0,8.36,0.85,24,0,2024-12-31
S001508,Administração,8,0,9.0,0.95,102,0,2023-11-06
S001509,Biologia,5,0,6.18,0.91,62,0,2024-01-11
S001510,Biologia,1,1,6.8,0.88,15,0,2024-07-18
S001511,Economia,4,1,6.34,0.95,47,0,2023-10-27
S001512,Economia,4,1,6.99,0.85,58,0,2024-10-31
S001513,Direito,10,0,6.58,0.88,122,0,2023-09-08
S001514,Arquitetura,1,1,9.07,0.89,6,0,2024-06-23
S001515,Economia,11,0,8.48,0.86,138,0,2023-10-01
S001516,Design,2,1,6.77,0.96,29,0,2023-11-23
S001517,Comunicação,2,0,7.0,0.87,30,0,2024-12-15
S001518,Design,5,1,7.3,0.78,62,0,2024-07-08
S001519,Biologia,3,0,7.86,0.85,30,0,2024-05-30
S001520,Design,5,0,6.88,0.86,68,0,2023-04-17
S001521,Medicina,11,0,9.78,0.88,122,0,2023-02-25
S001522,Medicina,7,0,8.13,0.93,95,0,2023-12-21
S001523,Design,12,1,6.93,0.83,145,0,2024-02-25
S001524,Enfermagem,8,0,8.12,0.92,98,0,2024-12-23
S001525,Química,7,0,8.86,0.91,89,0,2024-09-28
S001526,Engenharia,1,1,6.02,0.89,21,0,2024-05-12
S001527,Matemática,1,0,7.19,0.74,19,0,2023-10-14
S001528,Matemática,5,0,7.02,0.87,63,0,2023-03-22
S001529,Química,4,0,6.61,0.87,38,0,2023-07-28
S001530,Física,2,0,7.46,0.85,17,0,2023-05-21
S001531,Design,1,0,5.39,0.88,10,0,2024-06-17
S001532,Medicina,9,0,6.25,1.0,117,0,2023-08-25
S001533,Enfermagem,6,0,5.66,0.88,82,0,2023-11-09
S001534,Engenharia,3,0,7.68,0.71,36,0,2025-01-29
S001535,Computação,12,1,6.35,0.85,143,0,2024-07-20
S001536,Arquitetura,8,0,8.6,0.81,92,0,2023-08-04
S001537,Psicologia,5,0,6.65,0.81,75,0,2023-05-06
S001538,Design,12,0,6.6,0.93,151,0,2024-01-17
S001539,Biologia,2,0,8.62,0.75,40,0,2025-01-12
S001540,Física,6,1,6.5,0.92,79,0,2023-05-26
S001541,Engenharia,2,1,7.05,0.83,24,0,2023-02-06
S001542,Química,3,0,7.32,0.8,34,0,2023-08-29
S001543,Design,1,1,7.17,0.9,2,0,2024-12-16
S001544,Medicina,3,0,9.34,0.86,27,0,2024-03-26
S001545,Matemática,9,0,6.68,0.95,103,0,2024-10-27
S001546,Comunicação,2,0,5.92,0.83,30,0,2024-04-09
S001547,Comunicação,9,0,7.47,0.79,100,0,2023-04-27
S001548,Matemática,11,0,6.95,0.8,128,0,2023-01-22
S001549,Química,6,1,6.98,0.86,60,0,2024-05-25
S001550,Computação,1,1,6.93,0.81,22,0,2023-02-04
S001551,Matemática,11,0,7.42,0.84,143,0,2023-10-04
S001552,Química,10,0,7.05,0.82,129,0,2023-10-12
S001553,Engenharia,8,0,7.28,0.92,101,0,2024-08-25
S001554,Comunicação,10,0,8.45,0.85,109,0,2024-01-29
S001555,Medicina,3,0,6.22,0.9,32,0,2023-11-04
S001556,Design,4,0,7.07,0.87,40,0,2023-03-28
S001557,Administração,4,0,4.87,0.81,59,0,2023-03-03
S001558,Enfermagem,1,1,7.04,0.9,6,0,2023-10-13
S001559,Medicina,4,0,6.95,0.94,48,0,2024-09-16
S001560,Medicina,4,0,9.58,0.94,44,0,2024-01-29
S001561,Psicologia,12,1,6.68,0.83,153,0,2024-05-22
S001562,Engenharia,8,0,7.98,0.79,99,0,2023-01-20
S001563,Arquitetura,9,1,4.69,0.87,90,1,2024-01-27
S001564,Enfermagem,7,0,5.87,0.89,79,0,2024-01-29
S001565,Comunicação,1,1,8.49,0.87,19,1,2024-03-30
S001566,Administração,1,0,7.99,0.89,15,1,2023-02-15
S001567,Medicina,3,0,7.21,0.79,28,0,2023-08-18
S001568,Química,5,1,6.89,0.79,48,0,2023-07-30
S001569,Psicologia,1,0,7.75,0.88,14,0,2024-01-24
S001570,Direito,7,0,8.51,0.71,89,0,2023-07-08
S001571,Economia,3,1,6.38,0.91,26,0,2024-11-06
S001572,Engenharia,4,0,7.08,0.73,57,0,2024-03-17
S001573,Comunicação,1,0,8.5,0.76,16,1,2024-06-29
S001574,Economia,12,1,7.19,0.86,145,0,2023-02-23
S001575,Medicina,6,1,8.13,0.98,69,0,2024-11-07
S001576,Administração,5,0,7.73,0.8,57,1,2023-11-09
S001577,Computação,11,0,8.05,0.93,123,0,2023-02-02
S001578,Medicina,8,0,9.63,0.82,99,0,2024-07-08
S001579,Direito,5,1,8.63,0.9,57,1,2023-12-23
S001580,Psicologia,3,1,7.36,0.96,26,0,2023-01-27
S001581,Economia,12,1,6.23,0.79,137,0,2024-09-15
S001582,Matemática,6,0,6.74,0.83,76,1,2023-12-11
S001583,Matemática,11,0,5.13,0.97,134,0,2023-09-26
S001584,Computação,5,0,9.0,0.85,73,0,2024-08-28
S001585,Computação,4,0,8.3,0.87,38,0,2023-08-10
S001586,Enfermagem,4,0,8.82,0.89,61,0,2023-01-29
S001587,Química,9,0,5.15,1.0,104,0,2023-12-16
S001588,Medicina,8,0,8.45,0.83,94,0,2025-01-13
S001589,Economia,11,1,7.89,0.85,126,0,2024-09-28
S001590,Biologia,1,1,6.56,0.85,2,1,2024-03-20
S001591,Enfermagem,6,0,6.85,0.91,79,1,2024-03-13
S001592,Computação,8,0,7.99,0.96,85,0,2025-01-16
S001593,Medicina,6,1,7.22,0.95,51,1,2025-01-23
S001594,Economia,2,1,7.02,0.89,22,0,2023-02-28
S001595,Administração,7,1,8.7,0.87,80,0,2023-04-22
S001596,Computação,7,0,8.34,0.89,92,0,2024-07-20
S001597,Comunicação,6,0,10.0,0.87,84,0,2024-02-02
S001598,Matemática,2,0,8.14,0.84,25,0,2025-01-08
S001599,Psicologia,4,0,6.62,0.86,49,0,2024-11-25
S001600,Química,7,0,7.19,0.83,81,0,2023-10-22
S001601,Computação,3,0,6.74,0.81,51,0,2024-07-01
S001602,Direito,8,1,7.96,0.93,96,0,2024-04-19
S001603,Comunicação,5,0,7.78,0.97,67,0,2024-03-10
S001604,Computação,4,0,7.19,0.83,22,1,2024-08-09
S001605,Administração,1,0,7.66,0.89,21,0,2025-01-06
S001606,Design,3,0,6.25,0.85,56,0,2024-08-04
S001607,Biologia,10,1,7.14,0.97,130,0,2024-06-15
S001608,Química,8,0,6.76,0.9,88,0,2023-09-24
S001609,Medicina,3,1,7.8,0.96,40,0,2023-06-16
S001610,Enfermagem,3,1,7.9,0.92,14,0,2024-01-26
S001611,Engenharia,10,1,8.48,0.86,120,1,2024-04-23
S001612,Medicina,11,0,5.54,0.83,136,0,2023-09-01
S001613,Administração,7,0,6.44,0.9,64,0,2023-05-16
S001614,Comunicação,3,0,6.66,0.66,47,0,2023-01-16
S001615,Química,4,0,8.16,0.81,56,0,2023-10-15
S001616,Direito,1,0,6.76,0.76,1,0,2024-11-29
S001617,Arquitetura,6,1,7.66,0.86,68,0,2023-10-08
S001618,Química,8,1,6.14,0.87,82,0,2023-03-29
S001619,Economia,11,0,7.2,0.93,130,0,2023-09-13
S001620,Enfermagem,5,0,8.28,0.73,60,0,2024-07-09
S001621,Economia,12,0,6.02,0.84,127,0,2023-10-30
S001622,Comunicação,9,0,7.71,0.82,99,0,2023-12-12
S001623,Medicina,8,1,7.84,0.81,105,0,2024-08-07
S001624,Economia,11,0,6.53,0.81,137,0,2024-02-09
S001625,Comunicação,4,1,5.68,0.86,50,0,2023-02-09
S001626,Matemática,8,1,6.72,0.87,98,0,2024-09-22
S001627,Matemática,8,1,9.1,0.92,96,0,2023-10-08
S001628,Biologia,10,0,7.66,0.92,114,1,2024-01-06
S001629,Psicologia,6,0,7.69,0.95,71,0,2023-10-03
S001630,Matemática,6,0,6.34,0.87,76,0,2024-11-06
S001631,Economia,7,0,8.14,0.91,86,0,2023-09-14
S001632,Química,3,1,8.15,0.96,25,0,2024-10-30
S001633,Química,7,0,8.07,0.82,87,0,2024-09-14
S001634,Economia,4,0,8.89,0.93,58,0,2023-01-13
S001635,Economia,1,1,6.64,0.87,15,0,2023-05-08
S001636,Psicologia,8,0,7.1,0.85,96,0,2023-11-11
S001637,Psicologia,6,0,7.84,0.82,54,0,2024-08-05
S001638,Computação,2,0,7.07,0.99,12,0,2024-11-07
S001639,Design,8,0,8.62,0.81,92,0,2023-11-25
S001640,Enfermagem,1,0,5.12,0.95,24,0,2023-09-28
S001641,Enfermagem,7,0,8.86,0.87,74,0,2023-07-03
S001642,Arquitetura,4,1,7.18,0.84,34,0,2024-03-30
S001643,Engenharia,6,1,7.67,1.0,63,0,2024-04-18
S001644,Biologia,3,0,7.37,0.88,44,0,2023-01-18
S001645,Medicina,7,0,6.57,0.9,86,0,2024-03-26
S001646,Química,12,0,8.64,0.89,145,0,2023-01-10
S001647,Administração,4,1,8.09,0.87,52,0,2024-04-22
S001648,Biologia,7,0,5.92,0.78,82,0,2023-02-07
S001649,Física,6,0,7.26,0.79,80,0,2024-01-03
S001650,Direito,8,0,6.76,0.84,83,0,2024-05-06
S001651,Economia,5,0,7.46,0.83,51,0,2024-10-15
S001652,Psicologia,3,0,6.3,0.78,44,0,2024-07-23
S001653,Enfermagem,2,0,8.56,0.96,16,0,2023-08-12
S001654,Computação,5,0,7.03,0.82,52,0,2024-02-23
S001655,Matemática,8,0,7.11,0.87,94,0,2023-03-01
S001656,Economia,7,0,7.34,0.97,95,0,2024-08-16
S001657,Computação,8,0,6.72,0.77,97,1,2023-03-23
S001658,Design,12,0,8.18,1.0,158,0,2023-10-11
S001659,Biologia,10,1,8.97,0.85,116,0,2024-09-16
S001660,Direito,10,0,9.58,0.92,115,0,2024-07-18
S001661,Engenharia,12,0,5.34,0.81,145,0,2023-11-18
S001662,Engenharia,3,0,7.19,0.89,42,0,2023-03-07
S001663,Enfermagem,5,0,6.14,0.85,58,0,2024-03-27
S001664,Matemática,1,0,5.84,0.91,10,0,2023-07-04
S001665,Física,3,0,7.18,0.89,42,0,2023-09-22
S001666,Medicina,2,1,7.0,0.83,19,0,2023-10-10
S001667,Engenharia,2,0,5.98,0.8,33,1,2023-09-23
S001668,Física,12,1,5.84,0.89,133,0,2024-05-21
S001669,Matemática,6,0,6.95,0.87,72,0,2023-05-11
S001670,Química,11,0,7.35,0.76,120,0,2023-08-21
S001671,Direito,10,0,8.51,0.88,123,1,2024-10-07
S001672,Design,7,1,8.5,0.8,76,0,2023-06-28
S001673,Química,2,0,8.21,0.76,29,0,2023-05-31
S001674,Engenharia,4,0,9.25,0.87,55,0,2024-09-24
S001675,Comunicação,1,0,6.77,0.9,7,0,2024-11-02
S001676,Psicologia,9,0,7.35,0.8,109,0,2023-02-20
S001677,Administração,9,0,6.49,0.86,114,0,2023-08-27
S001678,Biologia,7,0,8.11,0.84,73,0,2023-04-28
S001679,Física,8,0,6.93,0.93,110,0,2024-11-01
S001680,Matemática,2,0,5.57,0.84,40,0,2023-02-09
S001681,Enfermagem,3,1,7.7,0.94,17,0,2023-07-08
S001682,Química,2,0,8.32,0.98,20,1,2024-12-01
S001683,Enfermagem,3,0,8.03,0.96,36,0,2024-06-02
S001684,Arquitetura,8,0,5.37,0.8,99,0,2024-03-26
S001685,Design,10,1,6.37,0.92,108,1,2024-08-16
S001686,Física,2,0,6.79,0.85,32,0,2023-11-21
S001687,Matemática,12,0,7.23,0.84,155,0,2023-02-12
S001688,Engenharia,12,0,7.71,0.84,135,0,2024-07-20
S001689,Enfermagem,1,0,6.92,0.8,18,0,2025-01-04
S001690,Matemática,9,1,8.56,0.8,88,1,2023-08-22
S001691,Direito,1,0,5.46,0.75,12,0,2023-03-04
S001692,Física,1,1,7.68,0.78,17,0,2025-01-01
S001693,Medicina,9,1,7.74,0.9,132,0,2023-09-23
S001694,Engenharia,5,0,7.12,0.76,54,0,2023-09-21
S001695,Medicina,4,1,9.04,0.84,44,0,2023-01-17
S001696,Design,11,0,7.27,0.89,142,0,2024-11-25
S001697,Administração,7,0,5.69,0.93,80,0,2023-12-28
S001698,Engenharia,8,0,8.21,0.95,103,0,2024-07-07
S001699,Engenharia,7,1,6.13,0.85,101,0,2025-01-05
S001700,Psicologia,8,1,5.73,0.91,86,0,2023-02-15
S001701,Física,11,0,8.52,0.84,136,0,2024-09-06
S001702,Biologia,7,0,7.97,0.92,68,0,2023-08-29
S001703,Economia,2,0,7.85,0.91,19,0,2023-12-25
S001704,Engenharia,3,0,6.74,0.98,37,0,2023-04-22
S001705,Engenharia,6,0,8.39,0.88,70,0,2023-03-21
S001706,Computação,1,0,8.3,0.88,14,0,2024-06-03
S001707,Design,8,1,8.68,0.9,89,0,2024-03-30
S001708,Enfermagem,10,0,8.54,0.85,105,0,2023-04-26
S001709,Comunicação,1,1,8.42,0.88,5,0,2024-06-07
S001710,Biologia,11,0,6.61,0.75,126,0,2023-03-21
S001711,Economia,5,0,7.28,0.93,32,0,2023-08-31
S001712,Medicina,7,0,6.71,0.9,85,0,2023-07-28
S001713,Comunicação,11,0,8.19,0.85,127,0,2023-11-30
S001714,Física,9,0,6.56,0.79,122,0,2024-08-07
S001715,Comunicação,7,1,7.18,0.94,94,0,2024-01-16
S001716,Administração,10,0,6.62,0.86,118,0,2024-11-28
S001717,Física,3,0,8.47,0.82,42,0,2024-03-01
S001718,Arquitetura,1,1,8.86,0.76,0,0,2023-03-15
S001719,Enfermagem,1,1,6.77,0.81,7,0,2024-10-19
S001720,Enfermagem,1,0,6.96,0.84,19,0,2024-03-12
S001721,Computação,4,1,6.35,0.8,33,1,2023-10-17
S001722,Arquitetura,10,1,7.28,0.81,105,0,2023-05-27
S001723,Design,10,0,6.1,0.9,137,0,2023-01-26
S001724,Design,8,0,6.12,0.88,97,1,2023-12-01
S001725,Arquitetura,2,0,9.08,0.93,31,0,2024-09-13
S001726,Química,4,0,7.71,0.89,54,0,2024-01-04
S001727,Física,4,1,5.5,0.93,48,0,2023-12-10
S001728,Economia,2,1,8.06,0.87,18,0,2024-02-22
S001729,Biologia,7,0,6.19,0.88,88,0,2024-10-29
S001730,Física,7,1,5.84,0.86,84,0,2024-01-19
S001731,Química,8,1,9.34,0.87,96,0,2024-04-26
S001732,Comunicação,1,0,7.02,0.85,8,0,2023-10-29
S001733,Computação,4,0,6.84,0.9,39,0,2024-09-28
S001734,Economia,11,0,8.32,0.85,126,0,2023-02-01
S001735,Psicologia,8,0,7.31,0.99,97,0,2023-06-14
S001736,Economia,6,0,6.77,0.93,79,0,2024-01-13
S001737,Biologia,5,0,6.88,0.73,68,0,2023-02-15
S001738,Comunicação,12,0,8.4,0.92,141,0,2023-10-25
S001739,Economia,11,0,7.74,0.76,130,0,2023-06-03
S001740,Direito,2,1,7.49,0.77,20,0,2024-08-28
S001741,Engenharia,8,1,7.32,0.74,86,0,2023-01-27
S001742,Design,5,0,9.61,0.81,58,0,2023-04-19
S001743,Matemática,12,0,5.79,0.9,141,0,2024-09-15
S001744,Computação,8,0,6.08,1.0,94,1,2023-08-05
S001745,Economia,2,1,9.12,0.83,6,1,2023-11-17
S001746,Química,12,0,5.81,0.81,157,0,2024-06-07
S001747,Química,7,1,8.32,0.87,70,0,2025-01-02
S001748,Biologia,2,1,7.76,0.95,35,0,2025-01-29
S001749,Medicina,8,0,7.59,1.0,91,0,2024-06-04
S001750,Engenharia,6,0,7.96,0.71,61,0,2024-08-18
S001751,Matemática,4,0,8.96,0.82,53,0,2024-12-30
S001752,Comunicação,7,0,5.93,0.85,101,0,2023-12-19
S001753,Física,6,1,5.09,0.78,64,0,2023-08-09
S001754,Medicina,12,0,7.13,0.86,143,0,2024-01-23
S001755,Química,4,0,7.41,0.77,47,0,2024-08-19
S001756,Comunicação,5,0,5.22,0.92,70,0,2023-02-03
S001757,Engenharia,9,0,4.96,0.79,138,0,2024-11-03
S001758,Direito,9,0,7.16,0.74,96,0,2025-01-13
S001759,Direito,8,0,6.49,0.85,111,0,2023-06-03
S001760,Economia,12,0,9.05,0.82,127,0,2024-01-26
S001761,Arquitetura,5,0,6.27,0.73,59,0,2024-10-26
S001762,Computação,7,1,7.01,0.82,67,0,2023-03-22
S001763,Arquitetura,8,1,7.76,0.77,101,0,2023-03-21
S001764,Arquitetura,3,0,7.51,0.75,52,0,2023-08-18
S001765,Matemática,7,1,6.87,0.85,106,0,2024-08-01
S001766,Química,3,0,7.9,0.79,40,0,2024-05-30
S001767,Física,9,1,5.43,0.87,89,0,2024-08-11
S001768,Comunicação,9,0,8.05,0.83,124,0,2024-10-07
S001769,Psicologia,3,0,6.74,0.91,48,0,2024-07-15
S001770,Psicologia,12,1,5.64,0.8,158,0,2025-01-21
S001771,Computação,5,0,5.47,0.88,64,0,2024-03-04
S001772,Matemática,5,0,7.99,0.87,58,0,2024-07-05
S001773,Enfermagem,8,1,6.78,0.72,89,0,2025-01-20
S001774,Matemática,2,0,7.96,0.86,28,0,2023-05-05
S001775,Design,7,0,6.74,0.85,91,0,2024-06-24
S001776,Física,10,0,5.23,0.76,135,0,2023-02-22
S001777,Direito,3,1,7.96,0.72,46,0,2024-09-13
S001778,Comunicação,9,0,8.88,0.83,102,0,2024-04-28
S001779,Economia,3,0,7.26,0.88,43,0,2024-11-06
S001780,Biologia,1,0,7.2,0.9,9,0,2024-06-21
S001781,Comunicação,11,0,6.25,0.93,138,0,2024-06-16
S001782,Medicina,1,0,7.44,0.86,4,0,2024-03-27
S001783,Química,12,1,7.38,0.97,146,0,2023-11-21
S001784,Engenharia,2,0,6.57,0.78,21,0,2023-10-03
S001785,Engenharia,9,0,7.01,0.88,112,0,2023-07-19
S001786,Comunicação,5,1,7.32,0.93,52,0,2024-08-12
S001787,Computação,11,1,8.11,0.8,127,0,2023-10-28
S001788,Computação,11,0,8.43,0.97,110,0,2023-09-07
S001789,Economia,4,0,8.98,0.68,49,0,2023-12-03
S001790,Engenharia,11,1,7.78,0.9,134,0,2023-09-06
S001791,Química,6,0,7.88,0.89,63,0,2024-01-06
S001792,Economia,3,0,8.23,0.89,45,0,2023-08-25
S001793,Engenharia,3,1,6.42,0.84,50,0,2024-04-11
S001794,Computação,9,1,7.44,0.86,113,0,2023-11-19
S001795,Psicologia,1,1,7.65,0.84,6,1,2023-04-29
S001796,Computação,4,1,7.24,0.85,46,0,2024-12-10
S001797,Enfermagem,1,0,8.65,0.92,18,0,2023-09-04
S001798,Administração,7,0,5.92,0.88,85,0,2024-03-31
S001799,Medicina,2,0,7.35,0.89,16,0,2025-01-20
S001800,Arquitetura,8,0,6.85,0.92,85,0,2024-02-24
