loan_id,application_id,student_id,loan_amount,interest_rate_monthly,installments,start_date,status
L000001,A000004,S001666,2362.83,0.0141,6,2024-09-22,CLOSED
L000002,A000008,S001086,2865.44,0.0203,6,2024-04-17,ACTIVE
L000003,A000011,S001073,6001.17,0.0484,24,2024-07-07,ACTIVE
L000004,A000014,S001101,2049.07,0.0179,6,2024-07-21,CLOSED
L000005,A000015,S001657,2518.03,0.0409,6,2024-11-25,CLOSED
L000006,A000016,S000735,1555.88,0.0251,12,2024-04-28,ACTIVE
L000007,A000017,S001375,1935.25,0.0178,9,2024-06-13,ACTIVE
L000008,A000018,S000524,2182.29,0.0207,6,2024-08-09,CLOSED
L000009,A000020,S000743,5362.74,0.0288,9,2024-03-04,DEFAULT
L000010,A000021,S000020,3155.77,0.0349,3,2024-12-07,ACTIVE
L000011,A000022,S000312,1568.76,0.0306,12,2024-03-24,ACTIVE
L000012,A000024,S001072,5745.12,0.0344,12,2024-06-20,ACTIVE
L000013,A000026,S000696,2868.03,0.0161,6,2024-12-20,ACTIVE
L000014,A000027,S001610,2457.44,0.0183,6,2024-12-01,ACTIVE
L000015,A000029,S001430,3367.88,0.0337,9,2024-09-17,CLOSED
L000016,A000030,S001394,3092.23,0.0194,6,2024-07-23,ACTIVE
L000017,A000031,S000514,1676.11,0.041,18,2024-10-11,ACTIVE
L000018,A000036,S000265,1456.86,0.0212,6,2024-10-26,ACTIVE
L000019,A000037,S000164,3133.05,0.0292,12,2024-03-29,ACTIVE
L000020,A000039,S000243,3151.69,0.0417,18,2024-04-18,DEFAULT
L000021,A000040,S000234,3426.13,0.0241,9,2024-10-24,ACTIVE
L000022,A000041,S001166,3347.76,0.0201,12,2024-10-03,CLOSED
L000023,A000043,S000864,5380.0,0.0474,12,2024-05-14,CLOSED
L000024,A000045,S000182,1809.38,0.0204,12,2025-01-22,CLOSED
L000025,A000046,S000707,4070.06,0.0135,24,2024-03-09,ACTIVE
L000026,A000047,S000796,1378.72,0.0221,12,2024-03-30,ACTIVE
L000027,A000051,S000772,2536.52,0.027,12,2024-11-21,DEFAULT
L000028,A000052,S001787,1903.13,0.0164,9,2024-02-13,ACTIVE
L000029,A000053,S000780,809.41,0.0085,9,2024-09-05,ACTIVE
L000030,A000054,S000134,4798.19,0.0262,3,2024-12-12,CLOSED
L000031,A000056,S000557,762.58,0.0182,3,2024-06-30,ACTIVE
L000032,A000057,S000336,2822.11,0.0158,12,2024-04-23,ACTIVE
L000033,A000058,S000551,5694.17,0.0394,12,2024-09-25,DEFAULT
L000034,A000059,S000245,4765.99,0.0343,18,2024-03-03,ACTIVE
L000035,A000060,S000784,2788.5,0.0231,6,2024-12-30,DEFAULT
L000036,A000061,S001641,1455.7,0.0193,9,2024-10-07,CLOSED
L000037,A000065,S001156,1545.2,0.0164,9,2024-04-23,ACTIVE
L000038,A000066,S001487,2915.91,0.0303,12,2024-05-17,DEFAULT
L000039,A000068,S000233,2014.22,0.0255,18,2024-05-26,ACTIVE
L000040,A000069,S000142,5360.26,0.0275,18,2024-08-28,ACTIVE
L000041,A000072,S000565,822.73,0.0368,3,2024-05-23,DEFAULT
L000042,A000073,S000719,1654.43,0.0169,9,2024-09-02,DEFAULT
L000043,A000074,S001264,853.19,0.0218,18,2024-10-22,ACTIVE
L000044,A000075,S001623,1192.93,0.0261,24,2024-10-12,ACTIVE
L000045,A000076,S001664,1339.91,0.0255,12,2024-10-04,CLOSED
L000046,A000077,S001632,4125.98,0.02,9,2024-02-28,ACTIVE
L000047,A000078,S000631,1120.34,0.0247,6,2024-11-15,CLOSED
L000048,A000079,S001020,1907.27,0.0209,9,2024-10-15,ACTIVE
L000049,A000080,S001051,2536.15,0.0238,12,2024-06-19,CLOSED
L000050,A000081,S000291,5525.72,0.0267,18,2024-03-28,CLOSED
L000051,A000083,S000872,1365.53,0.0167,9,2024-06-24,DEFAULT
L000052,A000087,S000546,4160.7,0.035,24,2024-12-03,CLOSED
L000053,A000088,S000823,800.39,0.0174,9,2024-08-08,CLOSED
L000054,A000089,S001421,1200.01,0.0179,18,2024-07-06,ACTIVE
L000055,A000090,S000001,2339.6,0.0495,12,2024-10-23,DEFAULT
L000056,A000091,S001217,1318.5,0.0264,18,2024-07-03,DEFAULT
L000057,A000092,S000307,2762.32,0.0393,9,2024-04-23,ACTIVE
L000058,A000094,S000476,1081.77,0.0354,18,2024-12-17,DEFAULT
L000059,A000096,S001327,9178.57,0.0516,3,2024-11-03,DEFAULT
L000060,A000098,S000389,1667.39,0.0188,12,2024-05-07,CLOSED
L000061,A000101,S000877,5224.97,0.035,18,2024-07-24,ACTIVE
L000062,A000103,S001364,7289.76,0.0402,9,2024-09-07,DEFAULT
L000063,A000104,S001367,1298.96,0.0407,6,2024-02-25,ACTIVE
L000064,A000105,S000157,785.68,0.0189,6,2024-09-07,CLOSED
L000065,A000107,S001696,2515.67,0.023,12,2024-09-08,ACTIVE
L000066,A000108,S001387,1210.32,0.0223,6,2024-03-02,CLOSED
L000067,A000109,S001414,2004.36,0.0322,9,2024-07-20,ACTIVE
L000068,A000111,S001526,1095.83,0.0254,12,2024-10-20,CLOSED
L000069,A000112,S001678,3409.15,0.022,18,2024-07-01,CLOSED
L000070,A000113,S001320,3069.59,0.017,24,2024-10-07,DEFAULT
L000071,A000114,S000495,2218.1,0.0219,24,2024-05-31,ACTIVE
L000072,A000118,S000338,3195.06,0.0349,24,2024-07-10,CLOSED
L000073,A000119,S000727,7050.37,0.0405,6,2024-05-25,DEFAULT
L000074,A000123,S000457,3036.64,0.0181,24,2024-03-19,CLOSED
L000075,A000124,S001020,720.77,0.0204,12,2025-01-02,CLOSED
L000076,A000125,S000275,2414.51,0.0192,12,2024-03-26,ACTIVE
L000077,A000126,S000242,2186.78,0.0174,12,2024-04-30,CLOSED
L000078,A000128,S000057,5007.49,0.0192,18,2024-07-15,ACTIVE
L000079,A000130,S000176,1345.42,0.0307,12,2024-07-30,ACTIVE
L000080,A000131,S001313,4856.12,0.0371,3,2024-06-15,DEFAULT
L000081,A000132,S000942,2554.21,0.0258,6,2024-12-17,CLOSED
L000082,A000135,S000499,5410.18,0.0278,9,2024-05-22,ACTIVE
L000083,A000136,S000073,814.26,0.031,6,2024-09-22,ACTIVE
L000084,A000137,S001182,4592.96,0.0437,18,2025-01-28,DEFAULT
L000085,A000138,S000923,2518.43,0.0405,12,2024-10-21,ACTIVE
L000086,A000139,S001079,1158.16,0.027,6,2024-06-16,CLOSED
L000087,A000142,S000666,2194.85,0.0193,12,2024-12-09,CLOSED
L000088,A000143,S000664,1616.46,0.0273,6,2024-05-16,DEFAULT
L000089,A000146,S000086,1714.33,0.0339,9,2024-02-04,CLOSED
L000090,A000148,S001368,2119.73,0.0216,12,2024-04-18,CLOSED
L000091,A000149,S000483,3026.77,0.0231,6,2024-12-30,ACTIVE
L000092,A000150,S000362,2374.53,0.0425,6,2024-12-27,CLOSED
L000093,A000151,S001703,2102.03,0.0213,6,2024-04-02,CLOSED
L000094,A000152,S000258,1297.25,0.018,12,2024-12-19,ACTIVE
L000095,A000153,S001647,1312.66,0.0188,18,2024-06-27,CLOSED
L000096,A000154,S000025,2270.24,0.0275,3,2024-03-27,CLOSED
L000097,A000157,S001480,3343.79,0.0249,24,2024-11-01,CLOSED
L000098,A000158,S001014,1569.88,0.0221,9,2024-06-29,CLOSED
L000099,A000159,S000201,5283.71,0.0147,6,2024-07-28,CLOSED
L000100,A000161,S000485,1717.97,0.0176,18,2024-10-10,ACTIVE
L000101,A000162,S000077,1857.74,0.0277,9,2025-01-19,CLOSED
L000102,A000163,S000483,6219.07,0.0323,3,2024-10-01,ACTIVE
L000103,A000164,S000400,4771.12,0.0466,6,2024-09-21,CLOSED
L000104,A000166,S000484,2177.78,0.0196,12,2024-06-02,CLOSED
L000105,A000167,S001762,3120.09,0.0385,18,2024-06-14,ACTIVE
L000106,A000168,S000877,2287.42,0.0138,18,2024-04-05,CLOSED
L000107,A000169,S000313,1592.92,0.0205,18,2025-01-29,ACTIVE
L000108,A000171,S000793,886.44,0.0192,24,2024-12-09,CLOSED
L000109,A000173,S000003,8232.32,0.0236,12,2024-03-18,ACTIVE
L000110,A000175,S001243,2279.98,0.0341,3,2024-11-11,ACTIVE
L000111,A000177,S000198,3195.09,0.0328,12,2024-08-08,CLOSED
L000112,A000181,S000891,2290.77,0.041,6,2024-06-08,ACTIVE
L000113,A000184,S000774,6245.51,0.0194,3,2024-11-16,ACTIVE
L000114,A000186,S000739,2788.3,0.0224,18,2024-03-06,ACTIVE
L000115,A000187,S000329,4151.37,0.0182,9,2024-02-09,CLOSED
L000116,A000188,S000093,2259.29,0.0277,12,2025-01-23,CLOSED
L000117,A000189,S000672,2143.27,0.0325,3,2024-12-10,CLOSED
L000118,A000190,S000054,901.77,0.0161,3,2024-02-13,ACTIVE
L000119,A000192,S000989,2392.05,0.0189,18,2024-11-30,CLOSED
L000120,A000196,S000087,1478.23,0.0237,9,2024-05-24,ACTIVE
L000121,A000197,S000524,1458.5,0.0162,9,2024-02-13,CLOSED
L000122,A000198,S001061,2485.47,0.0213,6,2024-07-02,ACTIVE
L000123,A000201,S000949,1869.62,0.0105,12,2024-10-20,CLOSED
L000124,A000203,S001371,3343.16,0.0211,12,2024-09-16,CLOSED
L000125,A000206,S000204,2690.36,0.0272,9,2024-08-18,CLOSED
L000126,A000208,S000956,3288.49,0.0321,12,2024-10-12,CLOSED
L000127,A000210,S000737,834.79,0.0325,12,2025-01-15,ACTIVE
L000128,A000213,S001657,866.08,0.0293,9,2024-12-22,ACTIVE
L000129,A000214,S001510,3166.76,0.0407,18,2024-07-24,CLOSED
L000130,A000215,S000246,4645.39,0.0329,12,2024-03-25,ACTIVE
L000131,A000216,S000598,1243.02,0.0167,18,2024-02-28,ACTIVE
L000132,A000217,S000592,903.98,0.0222,12,2024-10-10,CLOSED
L000133,A000219,S000005,1286.66,0.0302,12,2024-10-20,CLOSED
L000134,A000220,S000603,4149.07,0.0164,18,2024-08-26,ACTIVE
L000135,A000221,S001497,1678.56,0.0251,6,2024-06-14,CLOSED
L000136,A000222,S001332,2551.62,0.0235,9,2024-07-02,ACTIVE
L000137,A000224,S001529,1173.08,0.0225,9,2025-01-19,ACTIVE
L000138,A000225,S000103,2181.23,0.0222,9,2025-01-12,ACTIVE
L000139,A000228,S000995,1362.84,0.039,12,2024-02-25,ACTIVE
L000140,A000229,S000207,3399.33,0.0284,9,2024-08-01,DEFAULT
L000141,A000233,S000557,1681.21,0.0307,9,2024-12-18,DEFAULT
L000142,A000235,S001322,3886.65,0.0351,9,2024-12-05,ACTIVE
L000143,A000237,S000095,5540.89,0.0406,3,2024-06-10,DEFAULT
L000144,A000239,S000127,2350.08,0.0254,24,2024-07-31,CLOSED
L000145,A000242,S001688,5852.87,0.0352,12,2024-06-21,CLOSED
L000146,A000245,S001300,2706.98,0.0333,6,2024-02-28,DEFAULT
L000147,A000246,S000255,1715.64,0.0296,24,2024-05-01,ACTIVE
L000148,A000247,S001208,1117.2,0.0165,3,2024-06-03,CLOSED
L000149,A000248,S001290,895.69,0.0302,3,2024-11-21,CLOSED
L000150,A000249,S000502,3420.37,0.0244,12,2024-05-26,CLOSED
L000151,A000250,S000613,1943.74,0.0205,9,2024-03-24,ACTIVE
L000152,A000252,S000611,3300.54,0.0341,12,2024-10-24,ACTIVE
L000153,A000254,S000590,7284.62,0.0426,9,2024-08-21,ACTIVE
L000154,A000257,S001271,7177.43,0.034,12,2024-09-11,DEFAULT
L000155,A000259,S000851,9071.32,0.0382,18,2024-02-28,DEFAULT
L000156,A000260,S000766,4574.06,0.0355,18,2024-10-10,CLOSED
L000157,A000261,S000921,1891.51,0.0236,18,2024-11-21,ACTIVE
L000158,A000262,S000082,1283.25,0.0236,12,2024-07-22,CLOSED
L000159,A000263,S001306,3146.9,0.0178,12,2024-09-01,CLOSED
L000160,A000265,S000166,7085.79,0.0462,24,2024-12-17,DEFAULT
L000161,A000266,S001606,2702.83,0.0281,18,2025-01-23,DEFAULT
L000162,A000267,S000319,2052.65,0.0264,6,2024-02-24,CLOSED
L000163,A000270,S000966,2868.86,0.0209,9,2024-11-07,ACTIVE
L000164,A000274,S000193,1188.23,0.0307,24,2025-01-19,ACTIVE
L000165,A000275,S000826,1479.18,0.0241,12,2024-09-19,ACTIVE
L000166,A000276,S000023,2258.23,0.0301,12,2024-09-01,DEFAULT
L000167,A000277,S001766,2638.44,0.0232,18,2024-09-08,ACTIVE
L000168,A000281,S001112,1988.63,0.0381,24,2024-10-30,DEFAULT
L000169,A000282,S000136,912.6,0.0145,6,2024-10-09,DEFAULT
L000170,A000283,S000288,6552.35,0.0318,3,2024-12-07,CLOSED
L000171,A000285,S000112,6209.05,0.0381,6,2024-05-13,DEFAULT
L000172,A000286,S001221,1284.95,0.0217,9,2024-08-11,CLOSED
L000173,A000287,S001274,1316.5,0.0288,24,2024-10-24,CLOSED
L000174,A000288,S000544,4557.54,0.0396,9,2024-06-05,ACTIVE
L000175,A000289,S001056,2368.13,0.0362,6,2024-06-07,DEFAULT
L000176,A000290,S001214,6453.93,0.0433,6,2024-05-20,DEFAULT
L000177,A000291,S001756,4792.77,0.0297,9,2024-08-07,ACTIVE
L000178,A000294,S001365,1663.16,0.0252,6,2024-10-24,CLOSED
L000179,A000296,S001773,2005.62,0.0363,6,2024-05-15,ACTIVE
L000180,A000298,S000333,1265.58,0.0251,12,2024-12-08,CLOSED
L000181,A000299,S000278,2770.03,0.0229,12,2024-11-01,DEFAULT
L000182,A000303,S000725,3310.37,0.0406,12,2024-03-20,CLOSED
L000183,A000304,S001282,7332.22,0.0302,12,2025-01-26,ACTIVE
L000184,A000306,S001783,4426.03,0.0214,12,2024-04-22,CLOSED
L000185,A000308,S000606,6647.84,0.0458,12,2024-08-29,ACTIVE
L000186,A000309,S001013,2729.44,0.017,18,2025-01-27,CLOSED
L000187,A000310,S000007,4429.98,0.0176,12,2024-12-19,CLOSED
L000188,A000312,S000033,2083.24,0.0145,18,2024-02-28,ACTIVE
L000189,A000314,S001776,1583.07,0.043,6,2024-06-21,DEFAULT
L000190,A000318,S001214,1609.51,0.0436,24,2024-08-26,ACTIVE
L000191,A000319,S000545,4200.88,0.0274,9,2024-04-17,CLOSED
L000192,A000321,S000185,1553.81,0.0355,12,2024-11-26,CLOSED
L000193,A000323,S000905,4065.34,0.0351,24,2024-08-02,ACTIVE
L000194,A000325,S000427,3341.78,0.0179,12,2024-06-11,CLOSED
L000195,A000326,S000393,3353.35,0.0239,18,2024-11-06,CLOSED
L000196,A000328,S000124,1405.89,0.0188,12,2024-02-16,ACTIVE
L000197,A000330,S000046,2485.25,0.0177,3,2024-03-08,ACTIVE
L000198,A000334,S000765,2089.9,0.0233,6,2024-08-08,ACTIVE
L000199,A000335,S001555,2291.49,0.0255,6,2024-09-29,CLOSED
L000200,A000336,S000606,2378.21,0.0393,18,2024-03-21,ACTIVE
L000201,A000338,S001027,2216.14,0.0298,24,2024-03-19,DEFAULT
L000202,A000340,S001617,2638.84,0.0273,12,2024-12-20,CLOSED
L000203,A000342,S001274,2705.1,0.0285,12,2025-01-03,ACTIVE
L000204,A000344,S001141,4069.55,0.0326,9,2025-01-09,ACTIVE
L000205,A000345,S000177,4150.85,0.0263,3,2024-10-03,CLOSED
L000206,A000347,S000856,2057.3,0.027,9,2024-06-30,DEFAULT
L000207,A000348,S001556,2117.51,0.0244,24,2024-10-15,ACTIVE
L000208,A000349,S001288,2946.2,0.0295,12,2024-11-17,ACTIVE
L000209,A000352,S001414,1295.5,0.0252,6,2024-04-05,ACTIVE
L000210,A000353,S000925,7586.39,0.0443,12,2024-07-07,DEFAULT
L000211,A000354,S000178,5134.68,0.0325,18,2024-12-27,ACTIVE
L000212,A000355,S001617,1893.49,0.0267,12,2024-11-29,ACTIVE
L000213,A000356,S000954,2183.55,0.028,12,2024-05-19,ACTIVE
L000214,A000358,S001068,1296.48,0.0259,12,2024-05-24,ACTIVE
L000215,A000360,S001443,2226.45,0.0182,6,2024-04-28,CLOSED
L000216,A000362,S001017,4552.23,0.0229,12,2024-12-11,ACTIVE
L000217,A000363,S000914,4730.69,0.0218,12,2024-05-29,ACTIVE
L000218,A000364,S000569,7172.53,0.0265,6,2024-07-06,ACTIVE
L000219,A000366,S001651,1674.05,0.0284,18,2024-08-15,CLOSED
L000220,A000367,S000535,2158.02,0.0216,3,2024-11-18,ACTIVE
L000221,A000370,S000030,2867.5,0.03,12,2024-08-09,CLOSED
L000222,A000371,S000261,1983.21,0.0195,12,2024-03-09,ACTIVE
L000223,A000374,S000728,1346.09,0.0222,12,2024-10-30,ACTIVE
L000224,A000375,S000148,3262.04,0.0244,9,2024-09-05,ACTIVE
L000225,A000376,S001634,723.4,0.0175,9,2024-11-14,CLOSED
L000226,A000378,S001041,1586.72,0.0139,18,2024-04-29,ACTIVE
L000227,A000382,S000354,6436.53,0.0486,12,2024-06-15,DEFAULT
L000228,A000383,S001179,1880.49,0.0257,12,2024-06-26,ACTIVE
L000229,A000384,S000741,775.43,0.0154,18,2024-05-18,ACTIVE
L000230,A000385,S000164,2379.8,0.024,18,2024-11-06,ACTIVE
L000231,A000386,S001350,2856.83,0.0202,12,2024-03-16,CLOSED
L000232,A000388,S000570,4923.27,0.0461,6,2024-10-04,ACTIVE
L000233,A000393,S000561,3953.66,0.0309,6,2024-08-10,ACTIVE
L000234,A000394,S001769,5897.59,0.03,3,2024-09-14,CLOSED
L000235,A000395,S001556,2258.74,0.018,6,2024-12-25,CLOSED
L000236,A000396,S000397,2559.95,0.0165,9,2024-08-27,CLOSED
L000237,A000397,S000694,4443.94,0.033,12,2024-06-14,CLOSED
L000238,A000401,S000151,2859.18,0.0143,12,2024-07-30,ACTIVE
L000239,A000404,S000793,5056.17,0.0303,18,2024-03-11,CLOSED
L000240,A000405,S001574,3224.58,0.0218,9,2024-02-28,ACTIVE
L000241,A000406,S000233,7675.31,0.0525,9,2024-03-19,ACTIVE
L000242,A000407,S000623,3775.12,0.0228,12,2024-04-22,CLOSED
L000243,A000408,S000356,5243.6,0.0281,12,2024-04-05,CLOSED
L000244,A000409,S001244,1664.65,0.0289,6,2025-01-19,DEFAULT
L000245,A000411,S000203,2738.23,0.0366,12,2025-01-27,CLOSED
L000246,A000416,S001063,3081.86,0.0387,9,2024-05-26,ACTIVE
L000247,A000418,S001362,4687.0,0.0424,12,2024-06-19,ACTIVE
L000248,A000419,S001576,3376.23,0.042,6,2024-09-26,CLOSED
L000249,A000420,S001559,1932.8,0.0305,24,2025-01-20,ACTIVE
L000250,A000421,S000220,2417.28,0.0334,12,2024-11-29,ACTIVE
L000251,A000422,S000077,2803.04,0.0323,9,2024-12-12,DEFAULT
L000252,A000423,S000949,2844.84,0.0178,9,2024-11-29,ACTIVE
L000253,A000424,S000873,2657.55,0.0251,12,2024-11-21,CLOSED
L000254,A000425,S001425,3206.0,0.0157,12,2024-03-23,ACTIVE
L000255,A000426,S000216,1722.57,0.0181,9,2024-10-13,CLOSED
L000256,A000427,S000046,2317.46,0.0262,6,2025-01-05,ACTIVE
L000257,A000428,S001072,829.89,0.0202,6,2024-03-11,CLOSED
L000258,A000429,S000683,1107.47,0.0213,9,2024-06-13,CLOSED
L000259,A000432,S000138,1087.54,0.0338,12,2024-07-14,CLOSED
L000260,A000433,S000888,1256.87,0.0197,18,2025-01-11,CLOSED
L000261,A000435,S000882,1665.48,0.022,12,2024-11-06,DEFAULT
L000262,A000436,S001096,1505.34,0.0262,9,2024-09-05,CLOSED
L000263,A000437,S001128,2806.23,0.0235,24,2024-05-14,ACTIVE
L000264,A000440,S000959,3082.78,0.0149,12,2024-03-02,CLOSED
L000265,A000442,S000591,8721.42,0.0147,12,2024-03-14,ACTIVE
L000266,A000444,S000818,4087.09,0.0221,6,2024-11-26,ACTIVE
L000267,A000452,S001771,1550.61,0.0331,12,2024-08-10,ACTIVE
L000268,A000453,S000939,4257.4,0.0358,9,2025-01-22,DEFAULT
L000269,A000454,S000780,4458.54,0.0244,12,2024-06-28,ACTIVE
L000270,A000457,S000378,5289.18,0.0303,6,2024-11-13,ACTIVE
L000271,A000458,S000403,1687.34,0.023,12,2025-01-09,ACTIVE
L000272,A000460,S000946,2997.01,0.0142,18,2024-05-23,ACTIVE
L000273,A000461,S001666,2059.29,0.0248,12,2024-12-21,DEFAULT
L000274,A000462,S001253,3012.22,0.0212,24,2024-09-25,ACTIVE
L000275,A000463,S000045,4170.91,0.0315,6,2024-09-04,DEFAULT
L000276,A000464,S001121,3021.71,0.0195,12,2024-07-27,ACTIVE
L000277,A000465,S000135,4206.76,0.0424,6,2024-04-27,ACTIVE
L000278,A000466,S001500,1847.26,0.0237,18,2024-12-19,CLOSED
L000279,A000467,S000128,1239.21,0.0162,9,2024-10-23,ACTIVE
L000280,A000470,S000091,2257.87,0.0185,12,2024-03-31,CLOSED
L000281,A000472,S001689,1719.55,0.0329,9,2024-02-02,ACTIVE
L000282,A000473,S001176,3346.76,0.0277,9,2025-01-23,ACTIVE
L000283,A000474,S001796,737.12,0.0256,3,2024-09-04,DEFAULT
L000284,A000475,S000296,1546.91,0.0311,6,2024-04-23,CLOSED
L000285,A000477,S001606,3320.55,0.0282,18,2024-08-01,CLOSED
L000286,A000478,S000416,4559.7,0.0461,9,2024-04-27,ACTIVE
L000287,A000479,S000244,2420.92,0.0163,12,2024-11-16,CLOSED
L000288,A000480,S001126,1621.69,0.0164,12,2024-05-13,CLOSED
L000289,A000481,S000372,1163.65,0.0217,18,2024-04-07,ACTIVE
L000290,A000482,S000900,882.52,0.02,9,2024-02-21,CLOSED
L000291,A000483,S000886,5088.76,0.0204,12,2024-08-07,ACTIVE
L000292,A000484,S000562,3868.84,0.0405,9,2024-12-28,DEFAULT
L000293,A000486,S001020,2583.15,0.0259,6,2024-02-09,CLOSED
L000294,A000488,S000496,1405.34,0.0299,12,2024-06-10,DEFAULT
L000295,A000489,S000767,3381.6,0.0293,6,2025-01-18,DEFAULT
L000296,A000490,S000125,2119.58,0.0368,6,2025-01-26,DEFAULT
L000297,A000491,S001058,2316.02,0.0275,12,2024-08-24,ACTIVE
L000298,A000492,S001149,2092.25,0.025,6,2024-11-15,ACTIVE
L000299,A000493,S000534,1169.48,0.0265,6,2024-09-14,ACTIVE
L000300,A000495,S001412,1965.39,0.0289,6,2024-04-17,CLOSED
L000301,A000496,S001196,2677.7,0.0222,24,2024-09-16,CLOSED
L000302,A000497,S001475,3793.68,0.0167,6,2024-03-15,CLOSED
L000303,A000500,S001421,1717.41,0.0188,3,2024-02-15,ACTIVE
L000304,A000502,S000300,2879.98,0.0122,3,2025-01-20,ACTIVE
L000305,A000503,S001494,3193.58,0.0229,6,2024-11-02,CLOSED
L000306,A000504,S001141,2805.86,0.0291,12,2024-05-20,DEFAULT
L000307,A000505,S001185,8619.08,0.0257,12,2024-10-07,ACTIVE
L000308,A000508,S000648,2962.36,0.0383,18,2024-07-03,ACTIVE
L000309,A000509,S001406,4764.7,0.0244,12,2024-06-16,ACTIVE
L000310,A000510,S000581,2269.58,0.0166,18,2024-02-23,CLOSED
L000311,A000512,S001662,2419.24,0.0269,9,2024-02-12,ACTIVE
L000312,A000513,S000440,2009.22,0.0367,6,2024-09-29,ACTIVE
L000313,A000515,S000073,2279.59,0.0355,18,2024-07-24,CLOSED
L000314,A000516,S001686,2875.06,0.0282,6,2024-06-14,ACTIVE
L000315,A000517,S000302,5534.79,0.0311,12,2024-11-28,CLOSED
L000316,A000519,S001767,2123.16,0.0483,24,2024-04-03,CLOSED
L000317,A000523,S001603,1236.74,0.0263,9,2024-05-22,ACTIVE
L000318,A000526,S000271,1527.57,0.015,24,2024-12-23,ACTIVE
L000319,A000527,S000734,7110.88,0.0506,9,2024-12-03,ACTIVE
L000320,A000528,S001116,9138.02,0.0348,6,2024-08-22,ACTIVE
L000321,A000529,S001062,2860.74,0.0344,9,2024-11-10,DEFAULT
L000322,A000530,S000199,3300.73,0.0264,12,2024-10-10,CLOSED
L000323,A000531,S000574,3243.17,0.0242,6,2025-01-14,ACTIVE
L000324,A000532,S001437,1367.74,0.0189,3,2024-09-01,ACTIVE
L000325,A000534,S000320,904.67,0.0268,24,2024-04-28,CLOSED
L000326,A000538,S000192,1368.39,0.0211,3,2025-01-24,CLOSED
L000327,A000540,S000793,8685.88,0.0366,9,2024-11-05,DEFAULT
L000328,A000543,S000892,5607.58,0.0311,12,2024-04-17,DEFAULT
L000329,A000544,S000553,825.8,0.0259,24,2024-03-14,ACTIVE
L000330,A000546,S001660,3159.95,0.0165,24,2024-12-23,ACTIVE
L000331,A000548,S001708,827.61,0.0214,6,2024-03-23,CLOSED
L000332,A000549,S001415,6213.19,0.0209,24,2024-09-21,CLOSED
L000333,A000550,S000814,1266.38,0.0188,9,2024-03-23,ACTIVE
L000334,A000552,S001251,4081.48,0.0456,6,2024-04-24,DEFAULT
L000335,A000553,S000838,1353.67,0.0283,9,2024-03-19,DEFAULT
L000336,A000555,S000370,2339.68,0.035,6,2024-04-21,DEFAULT
L000337,A000556,S000097,1592.38,0.0182,3,2024-03-07,ACTIVE
L000338,A000557,S001606,1554.37,0.0175,9,2024-02-18,ACTIVE
L000339,A000558,S001212,1966.7,0.0387,9,2024-06-11,CLOSED
L000340,A000559,S000440,4640.89,0.0371,6,2024-08-01,DEFAULT
L000341,A000563,S000585,2027.32,0.0324,12,2024-11-20,CLOSED
L000342,A000565,S001450,2571.98,0.0363,24,2024-04-29,ACTIVE
L000343,A000566,S001571,1287.82,0.0222,18,2024-09-22,CLOSED
L000344,A000567,S001601,1338.01,0.0167,12,2024-10-09,CLOSED
L000345,A000568,S001383,7659.56,0.0407,24,2024-10-26,ACTIVE
L000346,A000569,S001765,898.14,0.0324,9,2024-10-09,CLOSED
L000347,A000571,S000633,1232.5,0.0316,6,2024-04-13,CLOSED
L000348,A000572,S000036,2427.33,0.0181,12,2024-06-24,ACTIVE
L000349,A000573,S000590,2826.92,0.0258,12,2024-10-01,DEFAULT
L000350,A000574,S000151,4182.61,0.0187,3,2024-03-11,CLOSED
L000351,A000575,S001367,1134.11,0.0397,6,2024-10-02,CLOSED
L000352,A000577,S001747,2748.23,0.0226,12,2024-06-10,ACTIVE
L000353,A000581,S000895,1969.22,0.0336,12,2024-07-09,CLOSED
L000354,A000586,S001742,3016.91,0.0196,9,2024-06-15,CLOSED
L000355,A000587,S000293,2775.97,0.0278,6,2024-03-01,CLOSED
L000356,A000588,S000853,1974.18,0.0214,12,2024-07-02,ACTIVE
L000357,A000590,S000263,7040.44,0.0459,18,2024-07-11,DEFAULT
L000358,A000591,S001424,799.45,0.0156,12,2024-03-21,ACTIVE
L000359,A000595,S001171,5047.03,0.0472,6,2024-04-24,CLOSED
L000360,A000596,S000540,1875.11,0.0219,12,2024-05-24,ACTIVE
L000361,A000599,S000631,787.14,0.0305,6,2024-08-21,DEFAULT
L000362,A000600,S000447,2601.83,0.0265,9,2024-03-12,CLOSED
L000363,A000601,S001667,1568.05,0.039,9,2024-03-18,DEFAULT
L000364,A000604,S001012,2367.21,0.0342,6,2024-11-23,CLOSED
L000365,A000605,S001255,4750.41,0.0362,9,2024-12-14,ACTIVE
L000366,A000606,S000560,2776.19,0.0363,12,2024-07-11,CLOSED
L000367,A000607,S000829,1605.85,0.0166,9,2024-09-02,ACTIVE
L000368,A000610,S001648,1355.8,0.0346,18,2024-11-21,CLOSED
L000369,A000612,S001439,2131.42,0.018,12,2024-08-20,ACTIVE
L000370,A000614,S000025,3089.85,0.0244,12,2024-07-04,ACTIVE
L000371,A000615,S001595,7694.87,0.0283,12,2024-03-28,ACTIVE
L000372,A000616,S000867,3245.16,0.0283,9,2024-06-10,CLOSED
L000373,A000619,S001478,2770.18,0.023,18,2025-01-19,ACTIVE
L000374,A000620,S001300,1221.28,0.0317,9,2024-07-06,ACTIVE
L000375,A000622,S000582,2716.23,0.0205,9,2024-05-09,CLOSED
L000376,A000626,S000394,8476.49,0.0365,12,2024-03-10,DEFAULT
L000377,A000627,S001564,874.02,0.0254,9,2024-11-24,DEFAULT
L000378,A000628,S000118,1083.66,0.0184,6,2025-01-07,CLOSED
L000379,A000629,S000176,2338.41,0.036,6,2024-05-27,DEFAULT
L000380,A000630,S000986,2829.69,0.0237,6,2024-05-15,ACTIVE
L000381,A000631,S001269,3160.36,0.0308,9,2024-02-17,CLOSED
L000382,A000636,S000680,1505.18,0.0254,18,2024-05-19,CLOSED
L000383,A000639,S000564,3362.94,0.0278,6,2025-01-23,CLOSED
L000384,A000643,S001200,2246.9,0.0292,9,2024-05-08,DEFAULT
L000385,A000646,S001175,738.93,0.0362,6,2024-12-11,ACTIVE
L000386,A000647,S001731,4981.0,0.0264,6,2024-08-07,ACTIVE
L000387,A000649,S000144,1993.47,0.0374,12,2024-09-12,CLOSED
L000388,A000651,S000661,1336.62,0.028,6,2024-05-21,CLOSED
L000389,A000653,S001118,4862.18,0.0275,12,2024-12-27,CLOSED
L000390,A000654,S000964,2742.83,0.0161,3,2024-05-15,ACTIVE
L000391,A000655,S000266,1166.85,0.0189,3,2025-01-09,ACTIVE
L000392,A000659,S001693,2436.28,0.0161,9,2024-12-15,CLOSED
L000393,A000660,S000249,4437.35,0.0472,9,2024-04-20,ACTIVE
L000394,A000661,S001686,1633.98,0.0246,9,2024-09-02,CLOSED
L000395,A000663,S000248,1298.35,0.0146,12,2024-03-22,ACTIVE
L000396,A000664,S001771,1290.87,0.0363,24,2024-06-30,ACTIVE
L000397,A000665,S000837,7699.37,0.0349,9,2024-05-02,DEFAULT
L000398,A000668,S000251,5354.72,0.0414,9,2024-11-06,CLOSED
L000399,A000669,S001706,2968.04,0.0283,9,2024-06-11,ACTIVE
L000400,A000670,S000717,5492.78,0.0278,6,2024-05-15,CLOSED
L000401,A000671,S000743,1984.98,0.0235,12,2024-11-26,ACTIVE
L000402,A000673,S000459,4585.14,0.0397,9,2025-01-06,DEFAULT
L000403,A000674,S000220,1187.58,0.0255,18,2024-05-14,CLOSED
L000404,A000675,S001646,2779.56,0.024,12,2024-03-10,ACTIVE
L000405,A000676,S001480,4995.9,0.0233,9,2024-05-05,CLOSED
L000406,A000677,S000636,1699.63,0.028,9,2025-01-28,CLOSED
L000407,A000679,S000796,2025.03,0.015,3,2024-12-06,CLOSED
L000408,A000681,S001650,2210.32,0.0287,18,2024-05-02,ACTIVE
L000409,A000683,S000566,1218.15,0.0227,18,2024-06-12,ACTIVE
L000410,A000684,S000030,2272.57,0.0275,9,2024-02-02,ACTIVE
L000411,A000685,S000158,2934.05,0.045,9,2024-06-29,ACTIVE
L000412,A000687,S000269,1560.46,0.0268,9,2024-11-10,ACTIVE
L000413,A000688,S000564,8019.36,0.0385,6,2024-06-24,DEFAULT
L000414,A000689,S000528,2908.39,0.0161,3,2024-08-09,CLOSED
L000415,A000690,S000451,757.45,0.0307,12,2024-09-05,ACTIVE
L000416,A000691,S000127,2879.39,0.0233,24,2024-07-01,CLOSED
L000417,A000692,S001057,1459.31,0.0192,24,2024-05-14,ACTIVE
L000418,A000693,S001742,4182.64,0.021,9,2024-08-08,DEFAULT
L000419,A000694,S000483,2878.73,0.0228,12,2025-01-21,CLOSED
L000420,A000697,S000718,4925.17,0.0388,12,2024-02-16,DEFAULT
L000421,A000698,S001380,2565.21,0.0208,6,2025-01-05,ACTIVE
L000422,A000700,S000291,1191.16,0.0198,3,2024-07-17,ACTIVE
L000423,A000701,S000535,1926.17,0.0284,24,2024-06-02,ACTIVE
L000424,A000702,S001037,3007.62,0.0326,18,2024-08-11,ACTIVE
L000425,A000704,S000698,1613.06,0.0267,6,2024-10-07,ACTIVE
L000426,A000705,S001249,2472.42,0.0116,12,2024-07-23,CLOSED
L000427,A000709,S001159,2622.22,0.0161,6,2025-01-15,CLOSED
L000428,A000710,S001378,5509.77,0.0396,18,2024-08-16,CLOSED
L000429,A000711,S001629,9154.4,0.0349,12,2024-09-06,ACTIVE
L000430,A000712,S000828,1663.35,0.022,9,2024-03-22,CLOSED
L000431,A000713,S000438,2546.37,0.0189,12,2024-08-26,ACTIVE
L000432,A000714,S001534,2451.93,0.0339,24,2024-10-23,CLOSED
L000433,A000716,S001183,1173.17,0.037,6,2024-07-07,DEFAULT
L000434,A000717,S001003,2307.8,0.033,24,2025-01-08,ACTIVE
L000435,A000718,S000163,6690.8,0.0441,3,2024-06-27,DEFAULT
L000436,A000719,S000404,2355.94,0.038,12,2024-08-02,ACTIVE
L000437,A000720,S001245,2774.47,0.0283,6,2024-05-08,DEFAULT
L000438,A000721,S001266,1724.77,0.0126,6,2024-06-12,ACTIVE
L000439,A000722,S000331,740.49,0.0134,6,2024-04-28,DEFAULT
L000440,A000723,S001049,1123.16,0.0254,6,2024-04-17,ACTIVE
L000441,A000726,S000754,2822.58,0.0171,12,2024-08-14,DEFAULT
L000442,A000729,S000625,4110.88,0.0389,18,2024-02-10,DEFAULT
L000443,A000732,S001071,809.65,0.0311,9,2024-04-22,DEFAULT
L000444,A000734,S000550,2801.06,0.0302,18,2024-06-25,ACTIVE
L000445,A000735,S000268,5198.64,0.0332,3,2024-07-16,CLOSED
L000446,A000736,S001587,742.84,0.0214,12,2024-11-06,ACTIVE
L000447,A000737,S001059,3715.63,0.016,3,2024-11-30,ACTIVE
L000448,A000738,S000508,4135.73,0.0207,18,2024-05-25,CLOSED
L000449,A000739,S001365,2871.51,0.0193,24,2024-12-15,ACTIVE
L000450,A000740,S000798,4154.58,0.0446,6,2025-01-24,ACTIVE
L000451,A000741,S000297,3895.49,0.0235,3,2024-05-11,DEFAULT
L000452,A000742,S001112,1250.82,0.0301,6,2024-05-28,DEFAULT
L000453,A000743,S001271,3343.29,0.0339,18,2024-04-11,DEFAULT
L000454,A000746,S000965,1260.43,0.0197,6,2024-06-11,DEFAULT
L000455,A000749,S001360,1862.72,0.0218,12,2024-12-22,ACTIVE
L000456,A000750,S001719,736.35,0.0188,12,2024-08-29,ACTIVE
L000457,A000751,S001033,1402.28,0.029,6,2024-08-16,ACTIVE
L000458,A000752,S000739,2633.46,0.0229,12,2024-10-01,CLOSED
L000459,A000754,S001058,1206.37,0.0256,12,2024-12-20,ACTIVE
L000460,A000759,S001502,1138.38,0.0234,18,2024-12-06,ACTIVE
L000461,A000760,S000166,2260.24,0.0381,9,2024-04-03,ACTIVE
L000462,A000761,S001278,1924.02,0.0264,12,2024-06-14,ACTIVE
L000463,A000762,S000227,3416.89,0.0269,6,2024-05-27,CLOSED
L000464,A000763,S000818,1339.71,0.0149,24,2025-01-13,CLOSED
L000465,A000764,S000913,1484.62,0.0412,6,2024-11-23,CLOSED
L000466,A000766,S000581,4658.67,0.0168,6,2024-02-23,DEFAULT
L000467,A000768,S000916,873.76,0.0362,6,2024-02-01,CLOSED
L000468,A000770,S000181,3000.09,0.0339,6,2024-08-12,DEFAULT
L000469,A000771,S000226,2191.05,0.0131,12,2024-04-14,ACTIVE
L000470,A000772,S000723,3143.77,0.0189,9,2024-11-06,ACTIVE
L000471,A000773,S000274,2700.14,0.0179,6,2024-10-22,ACTIVE
L000472,A000775,S000906,1243.36,0.0196,9,2024-12-24,ACTIVE
L000473,A000778,S000188,2201.96,0.0271,12,2024-11-04,CLOSED
L000474,A000779,S001776,2815.58,0.0486,18,2024-11-16,CLOSED
L000475,A000780,S000764,1863.42,0.0202,24,2024-03-27,CLOSED
L000476,A000786,S000446,1588.46,0.0221,6,2024-09-28,ACTIVE
L000477,A000787,S000049,1193.34,0.0285,9,2024-02-22,ACTIVE
L000478,A000790,S000334,1292.05,0.0368,6,2024-08-11,DEFAULT
L000479,A000792,S001501,2494.77,0.0236,9,2024-02-04,CLOSED
L000480,A000795,S001579,2099.52,0.0283,12,2024-12-19,ACTIVE
L000481,A000796,S001349,779.13,0.022,9,2024-12-14,CLOSED
L000482,A000797,S001354,2425.62,0.0325,12,2024-12-15,CLOSED
L000483,A000799,S000886,1601.99,0.0105,24,2025-01-25,CLOSED
L000484,A000801,S000065,1219.85,0.0279,12,2024-10-17,ACTIVE
L000485,A000802,S001160,4019.99,0.009,6,2024-05-30,CLOSED
L000486,A000805,S001366,2810.21,0.0303,3,2024-10-22,CLOSED
L000487,A000806,S000644,3345.06,0.0335,12,2024-08-02,CLOSED
L000488,A000808,S000320,3981.97,0.0367,9,2024-10-05,ACTIVE
L000489,A000810,S001292,4390.69,0.0148,12,2024-11-09,CLOSED
L000490,A000811,S000581,855.13,0.0232,12,2024-07-13,ACTIVE
L000491,A000812,S000644,1943.69,0.0461,12,2024-04-10,CLOSED
L000492,A000813,S000324,8057.47,0.0269,9,2024-07-14,DEFAULT
L000493,A000815,S001486,2704.1,0.0215,9,2024-05-02,ACTIVE
L000494,A000817,S000227,8245.56,0.0476,3,2024-10-16,DEFAULT
L000495,A000819,S001154,2046.47,0.0276,3,2024-06-02,ACTIVE
L000496,A000822,S000059,1484.07,0.0304,18,2024-09-07,CLOSED
L000497,A000823,S001529,7256.93,0.0422,24,2024-05-16,CLOSED
L000498,A000824,S000105,6835.54,0.0339,12,2024-03-10,ACTIVE
L000499,A000827,S001628,6763.87,0.0316,9,2024-04-08,DEFAULT
L000500,A000828,S001220,3440.02,0.0496,12,2024-12-29,CLOSED
L000501,A000829,S001701,913.86,0.0197,12,2024-08-30,ACTIVE
L000502,A000830,S000259,1992.51,0.0157,18,2024-07-28,CLOSED
L000503,A000833,S000421,2384.48,0.0225,18,2024-10-09,ACTIVE
L000504,A000835,S000436,2040.21,0.0196,9,2024-06-04,CLOSED
L000505,A000838,S001283,1830.62,0.0244,3,2024-03-31,ACTIVE
L000506,A000839,S001395,1125.76,0.019,9,2024-10-15,CLOSED
L000507,A000840,S000529,4097.56,0.0386,18,2024-02-11,DEFAULT
L000508,A000841,S000684,1484.1,0.017,6,2024-03-06,CLOSED
L000509,A000843,S000680,2851.66,0.031,12,2024-05-04,ACTIVE
L000510,A000844,S000382,1459.41,0.0242,12,2024-12-24,ACTIVE
L000511,A000845,S000961,3348.26,0.0323,9,2024-04-04,CLOSED
L000512,A000847,S000855,1456.76,0.0301,9,2024-06-05,ACTIVE
L000513,A000848,S001798,1357.55,0.0326,12,2024-02-01,DEFAULT
L000514,A000849,S001562,3222.02,0.0354,9,2024-11-14,ACTIVE
L000515,A000850,S001631,3105.97,0.0163,6,2024-10-28,ACTIVE
L000516,A000851,S000924,2740.19,0.03,9,2024-05-31,ACTIVE
L000517,A000854,S001535,739.71,0.0244,9,2024-09-15,CLOSED
L000518,A000857,S000548,1643.6,0.0252,12,2024-06-12,ACTIVE
L000519,A000858,S000104,2665.12,0.0178,18,2025-01-20,CLOSED
L000520,A000859,S000969,1477.08,0.0153,6,2024-03-08,CLOSED
L000521,A000860,S001311,915.06,0.0152,24,2024-07-14,CLOSED
L000522,A000861,S000469,3094.45,0.0303,12,2024-09-02,CLOSED
L000523,A000862,S000218,1128.23,0.0199,6,2024-07-18,CLOSED
L000524,A000864,S001290,8095.01,0.0442,6,2024-04-11,ACTIVE
L000525,A000867,S000742,1276.21,0.0305,3,2024-03-30,CLOSED
L000526,A000868,S000470,2830.16,0.0234,12,2024-10-21,CLOSED
L000527,A000869,S001336,787.07,0.0202,6,2024-12-01,ACTIVE
L000528,A000871,S001574,1173.75,0.02,9,2024-12-14,ACTIVE
L000529,A000874,S001548,797.98,0.0172,24,2024-05-16,ACTIVE
L000530,A000876,S001704,2650.03,0.0256,6,2024-11-16,ACTIVE
L000531,A000877,S000866,2746.98,0.0188,9,2024-10-03,ACTIVE
L000532,A000878,S001608,3962.96,0.0257,6,2024-05-22,CLOSED
L000533,A000879,S001000,4047.51,0.0405,12,2024-08-15,CLOSED
L000534,A000881,S001347,5731.97,0.0318,18,2024-03-03,ACTIVE
L000535,A000882,S000787,2225.64,0.031,6,2024-09-07,CLOSED
L000536,A000884,S001458,3098.79,0.0205,3,2024-02-15,ACTIVE
L000537,A000886,S000470,877.77,0.0258,3,2024-06-21,CLOSED
L000538,A000888,S001351,4280.68,0.0313,18,2024-06-23,CLOSED
L000539,A000889,S000084,1576.49,0.0218,6,2024-02-11,CLOSED
L000540,A000892,S000658,5651.59,0.0248,6,2024-09-20,DEFAULT
L000541,A000894,S000888,2685.04,0.0152,9,2025-01-08,ACTIVE
L000542,A000896,S001334,2781.71,0.0232,9,2024-03-06,ACTIVE
L000543,A000897,S000509,2132.36,0.0233,18,2024-03-12,ACTIVE
L000544,A000898,S000602,1407.91,0.0194,18,2024-03-25,ACTIVE
L000545,A000899,S000284,1234.77,0.0373,9,2024-11-08,ACTIVE
L000546,A000900,S001160,2817.67,0.0177,18,2024-08-15,ACTIVE
L000547,A000902,S000672,2739.71,0.0279,12,2024-04-30,ACTIVE
L000548,A000904,S001740,1671.77,0.0175,9,2024-12-29,ACTIVE
L000549,A000908,S000550,1326.68,0.0264,9,2024-08-26,ACTIVE
L000550,A000909,S001046,6304.82,0.0201,3,2024-06-20,ACTIVE
L000551,A000912,S001269,1800.36,0.0275,12,2024-11-17,ACTIVE
L000552,A000913,S001364,2432.7,0.0156,12,2024-07-19,ACTIVE
L000553,A000914,S001158,8669.51,0.0402,6,2024-12-20,ACTIVE
L000554,A000915,S000500,3906.27,0.0258,9,2024-06-09,ACTIVE
L000555,A000920,S000674,5880.65,0.025,12,2024-10-15,CLOSED
L000556,A000921,S000538,1717.62,0.0177,6,2024-12-30,ACTIVE
L000557,A000922,S001474,4039.58,0.0392,6,2024-04-27,DEFAULT
L000558,A000924,S000984,1293.39,0.0144,12,2024-09-30,CLOSED
L000559,A000925,S000235,3407.58,0.0226,9,2024-07-08,CLOSED
L000560,A000928,S000307,2680.81,0.0401,12,2024-02-07,ACTIVE
L000561,A000929,S001720,1718.98,0.033,6,2024-03-11,CLOSED
L000562,A000930,S001040,2515.21,0.0234,9,2024-08-28,ACTIVE
L000563,A000931,S001711,2968.53,0.0125,24,2024-03-06,ACTIVE
L000564,A000932,S000065,3929.46,0.033,12,2024-11-06,DEFAULT
L000565,A000935,S000969,777.65,0.0154,12,2024-03-29,ACTIVE
L000566,A000937,S000007,5667.03,0.0194,24,2024-12-26,ACTIVE
L000567,A000939,S000523,2577.64,0.0291,6,2024-05-28,ACTIVE
L000568,A000940,S001587,1871.04,0.027,9,2025-01-10,CLOSED
L000569,A000941,S000275,2267.0,0.0227,9,2024-09-28,ACTIVE
L000570,A000944,S000156,6511.73,0.0454,9,2024-03-16,DEFAULT
L000571,A000946,S001488,2679.76,0.0287,6,2024-04-08,CLOSED
L000572,A000947,S000824,2039.17,0.0187,9,2024-10-26,ACTIVE
L000573,A000948,S001311,1419.31,0.0246,18,2024-03-08,CLOSED
L000574,A000950,S000615,756.93,0.0204,9,2024-04-29,ACTIVE
L000575,A000952,S001741,913.45,0.0186,12,2024-10-30,DEFAULT
L000576,A000953,S001050,2163.2,0.0347,6,2024-10-24,CLOSED
L000577,A000954,S001337,1817.52,0.0258,18,2024-09-29,ACTIVE
L000578,A000955,S001316,2041.52,0.0269,18,2024-03-26,ACTIVE
L000579,A000956,S000632,5544.04,0.0424,12,2024-09-15,ACTIVE
L000580,A000957,S000340,1559.13,0.0325,9,2024-10-17,DEFAULT
L000581,A000958,S000756,2039.43,0.0261,9,2024-09-07,ACTIVE
L000582,A000959,S001616,5246.07,0.0366,3,2025-01-16,ACTIVE
L000583,A000960,S000389,2290.77,0.0163,3,2024-06-22,ACTIVE
L000584,A000961,S001155,1641.41,0.028,9,2024-06-27,ACTIVE
L000585,A000962,S001099,5155.32,0.0263,24,2024-02-23,ACTIVE
L000586,A000964,S000294,2346.77,0.0306,12,2025-01-30,ACTIVE
L000587,A000965,S001744,3292.5,0.0417,9,2025-01-11,DEFAULT
L000588,A000966,S001245,2135.3,0.0405,9,2024-06-01,DEFAULT
L000589,A000968,S000506,2982.18,0.029,9,2024-02-05,CLOSED
L000590,A000969,S001625,2497.21,0.0279,9,2024-07-13,CLOSED
L000591,A000971,S001351,1278.17,0.0342,9,2024-11-24,CLOSED
L000592,A000972,S000450,2872.3,0.0276,12,2024-11-05,ACTIVE
L000593,A000973,S000643,2515.11,0.0265,6,2024-07-27,ACTIVE
L000594,A000976,S000041,1924.73,0.043,3,2024-09-08,ACTIVE
L000595,A000977,S001784,2489.12,0.0413,3,2024-04-09,DEFAULT
L000596,A000979,S001665,2221.71,0.0247,24,2024-10-25,CLOSED
L000597,A000981,S001075,4287.71,0.029,12,2024-04-14,ACTIVE
L000598,A000982,S000198,1866.74,0.0257,12,2024-02-25,DEFAULT
L000599,A000983,S000900,3232.43,0.019,12,2025-01-15,ACTIVE
L000600,A000987,S000949,1136.01,0.0193,6,2024-02-24,CLOSED
L000601,A000990,S000833,1154.62,0.026,24,2024-08-27,CLOSED
L000602,A000992,S001721,1429.45,0.0236,6,2024-06-18,CLOSED
L000603,A000994,S001677,2230.83,0.0267,12,2024-02-04,DEFAULT
L000604,A000998,S000059,3081.04,0.0323,9,2024-03-31,ACTIVE
L000605,A000999,S000320,1170.49,0.0358,12,2024-09-11,CLOSED
L000606,A001000,S000369,3280.69,0.034,24,2025-01-10,CLOSED
L000607,A001002,S000372,820.49,0.0143,3,2024-06-15,ACTIVE
L000608,A001003,S000347,1221.42,0.0193,6,2024-03-02,ACTIVE
L000609,A001005,S000814,3408.8,0.0216,18,2025-01-17,ACTIVE
L000610,A001009,S001177,1464.88,0.0203,12,2024-10-17,ACTIVE
L000611,A001010,S001240,2727.07,0.0211,12,2024-06-02,ACTIVE
L000612,A001011,S000299,2038.01,0.0194,9,2024-03-11,CLOSED
L000613,A001013,S000387,2547.1,0.0348,12,2024-06-22,DEFAULT
L000614,A001015,S001240,2754.81,0.0275,12,2024-05-18,CLOSED
L000615,A001020,S000529,1348.28,0.0358,9,2024-07-08,DEFAULT
L000616,A001021,S001403,2280.14,0.0337,9,2024-12-29,ACTIVE
L000617,A001022,S000597,6046.93,0.0371,6,2024-03-21,ACTIVE
L000618,A001023,S000829,3067.15,0.0264,6,2024-03-18,CLOSED
L000619,A001024,S000870,860.82,0.0356,9,2024-08-16,CLOSED
L000620,A001025,S001573,2465.6,0.0363,12,2024-03-20,ACTIVE
L000621,A001026,S000998,1216.25,0.033,18,2024-03-03,DEFAULT
L000622,A001028,S000033,2057.42,0.0185,24,2024-09-13,CLOSED
L000623,A001029,S000545,1838.48,0.0182,6,2024-03-31,ACTIVE
L000624,A001032,S000809,2080.35,0.0306,18,2025-01-11,DEFAULT
L000625,A001034,S001704,724.36,0.0097,24,2024-07-16,ACTIVE
L000626,A001035,S000858,2743.53,0.0258,6,2024-02-04,ACTIVE
L000627,A001036,S001542,2814.01,0.0449,6,2024-11-13,ACTIVE
L000628,A001038,S001020,838.79,0.0187,24,2024-10-17,CLOSED
L000629,A001039,S001029,3168.83,0.0168,3,2024-04-13,DEFAULT
L000630,A001040,S000565,4294.56,0.0354,3,2024-03-03,CLOSED
L000631,A001041,S000978,5160.01,0.0385,9,2024-02-10,ACTIVE
L000632,A001042,S001547,1180.69,0.0144,6,2025-01-20,ACTIVE
L000633,A001043,S000911,4659.31,0.0295,3,2024-04-15,ACTIVE
L000634,A001044,S000311,1628.39,0.0303,6,2024-12-03,ACTIVE
L000635,A001046,S000912,1509.74,0.0408,18,2024-12-14,ACTIVE
L000636,A001049,S000128,3192.8,0.0192,12,2024-07-16,ACTIVE
L000637,A001052,S001555,1081.99,0.0298,3,2024-03-06,ACTIVE
L000638,A001053,S001458,2255.68,0.0237,18,2024-08-18,ACTIVE
L000639,A001054,S000718,1378.46,0.0199,9,2024-10-12,CLOSED
L000640,A001057,S001474,1599.66,0.0326,3,2024-07-13,DEFAULT
L000641,A001059,S000252,3614.53,0.0332,24,2024-09-28,ACTIVE
L000642,A001060,S000124,1479.42,0.0222,6,2024-09-08,ACTIVE
L000643,A001061,S001035,6650.4,0.0449,6,2025-01-23,ACTIVE
L000644,A001062,S001461,2277.69,0.0206,12,2024-09-30,CLOSED
L000645,A001064,S001581,2872.9,0.0323,3,2024-11-04,DEFAULT
L000646,A001065,S001336,919.39,0.019,18,2024-06-12,ACTIVE
L000647,A001068,S000188,848.0,0.0219,3,2025-01-26,ACTIVE
L000648,A001069,S000836,1198.23,0.0227,6,2024-11-10,CLOSED
L000649,A001070,S000185,894.83,0.0325,9,2024-02-19,CLOSED
L000650,A001072,S000787,2657.95,0.0192,6,2024-08-09,ACTIVE
L000651,A001073,S001315,2818.74,0.025,6,2024-11-17,ACTIVE
L000652,A001074,S000236,3440.41,0.0355,12,2024-06-05,CLOSED
L000653,A001075,S001531,1465.14,0.0336,9,2024-12-05,CLOSED
L000654,A001077,S000704,4569.01,0.0402,9,2024-03-13,ACTIVE
L000655,A001078,S001104,1493.24,0.0224,9,2024-08-13,ACTIVE
L000656,A001081,S000190,5102.59,0.0372,9,2024-03-04,CLOSED
L000657,A001082,S000072,2777.7,0.0266,24,2025-01-17,CLOSED
L000658,A001083,S001440,4716.7,0.0173,3,2024-07-27,CLOSED
L000659,A001084,S001523,5652.6,0.0344,12,2024-03-06,DEFAULT
L000660,A001085,S001624,1384.56,0.0235,6,2024-10-28,ACTIVE
L000661,A001086,S001255,1359.69,0.0277,12,2024-04-17,CLOSED
L000662,A001087,S001176,4288.25,0.0249,12,2024-09-08,ACTIVE
L000663,A001088,S000665,1830.49,0.0141,12,2024-09-07,ACTIVE
L000664,A001092,S001146,2648.23,0.0158,12,2024-03-01,CLOSED
L000665,A001095,S001324,1501.5,0.0349,12,2024-07-23,ACTIVE
L000666,A001098,S001793,844.64,0.0292,12,2024-10-27,DEFAULT
L000667,A001099,S001235,2075.88,0.0371,12,2024-04-07,DEFAULT
L000668,A001100,S000639,1322.75,0.0216,9,2025-01-31,CLOSED
L000669,A001101,S000328,750.7,0.0311,9,2024-03-13,ACTIVE
L000670,A001102,S001627,5921.26,0.0213,24,2024-12-17,CLOSED
L000671,A001103,S001280,2276.88,0.0364,6,2024-05-19,ACTIVE
L000672,A001104,S001119,8494.31,0.0499,9,2024-02-09,ACTIVE
L000673,A001106,S001632,843.92,0.0219,3,2024-04-22,ACTIVE
L000674,A001109,S000735,2802.19,0.0263,12,2024-05-27,CLOSED
L000675,A001110,S000959,1354.46,0.0188,12,2024-09-24,ACTIVE
L000676,A001113,S000211,6404.93,0.0413,3,2024-11-29,ACTIVE
L000677,A001116,S001248,796.74,0.0248,12,2024-02-04,CLOSED
L000678,A001117,S000396,2275.8,0.0379,12,2024-06-14,DEFAULT
L000679,A001120,S001215,1199.21,0.0221,6,2024-06-10,ACTIVE
L000680,A001123,S000664,1482.43,0.0194,3,2024-12-15,CLOSED
L000681,A001125,S000347,752.6,0.0149,9,2024-03-08,ACTIVE
L000682,A001126,S000531,1283.06,0.0176,12,2024-05-31,CLOSED
L000683,A001127,S001541,740.43,0.0308,6,2024-05-14,DEFAULT
L000684,A001128,S000303,2712.92,0.0331,12,2024-07-11,ACTIVE
L000685,A001129,S001082,1220.62,0.0297,12,2024-03-27,CLOSED
L000686,A001131,S001337,1703.16,0.0214,6,2024-07-28,CLOSED
L000687,A001132,S000876,2212.14,0.0372,9,2024-12-18,ACTIVE
L000688,A001133,S000466,2079.81,0.0238,12,2024-04-04,ACTIVE
L000689,A001134,S001375,1362.25,0.0263,9,2024-06-04,ACTIVE
L000690,A001137,S000962,4351.54,0.0321,6,2024-12-14,CLOSED
L000691,A001138,S000111,761.91,0.0222,6,2024-04-04,ACTIVE
L000692,A001141,S000157,2215.51,0.0336,6,2024-03-11,CLOSED
L000693,A001142,S000213,2634.72,0.0241,9,2024-02-16,ACTIVE
L000694,A001143,S001173,2563.02,0.0232,18,2025-01-05,CLOSED
L000695,A001146,S000424,4819.86,0.0369,24,2024-12-31,CLOSED
L000696,A001147,S001686,2761.77,0.0309,12,2024-10-22,ACTIVE
L000697,A001148,S001650,2302.12,0.0297,12,2024-03-14,DEFAULT
L000698,A001149,S001291,3402.35,0.0312,9,2024-11-14,CLOSED
L000699,A001150,S001663,5013.98,0.0426,9,2024-02-11,CLOSED
L000700,A001151,S000332,1430.12,0.0149,12,2024-10-19,ACTIVE
L000701,A001152,S000314,2878.4,0.0236,9,2024-08-27,CLOSED
L000702,A001153,S001346,3682.08,0.0364,12,2024-10-17,ACTIVE
L000703,A001155,S000545,823.81,0.021,18,2024-07-12,CLOSED
L000704,A001156,S001320,1275.22,0.0188,9,2024-10-23,ACTIVE
L000705,A001157,S000864,2431.57,0.0394,9,2024-11-04,CLOSED
L000706,A001158,S000509,5009.68,0.0423,12,2024-08-08,DEFAULT
L000707,A001159,S001036,2847.09,0.0203,12,2024-02-05,CLOSED
L000708,A001160,S000743,2737.92,0.0328,9,2024-10-26,CLOSED
L000709,A001161,S001585,892.92,0.0185,12,2025-01-03,CLOSED
L000710,A001163,S000075,1106.63,0.0183,18,2024-11-11,CLOSED
L000711,A001164,S001014,4509.78,0.0145,12,2024-05-02,CLOSED
L000712,A001166,S000560,2767.83,0.0279,9,2024-05-13,DEFAULT
L000713,A001167,S001344,2203.9,0.0119,12,2024-11-21,ACTIVE
L000714,A001169,S001478,1137.93,0.0211,24,2024-10-21,CLOSED
L000715,A001170,S000560,1084.17,0.035,9,2024-11-25,CLOSED
L000716,A001171,S000381,3878.0,0.0278,3,2024-09-29,ACTIVE
L000717,A001172,S000060,3003.21,0.0192,3,2024-11-22,ACTIVE
L000718,A001173,S000083,1134.9,0.0172,9,2024-08-09,ACTIVE
L000719,A001174,S000524,806.57,0.0208,9,2024-04-19,ACTIVE
L000720,A001175,S001312,1252.08,0.022,6,2024-11-25,ACTIVE
L000721,A001176,S001132,4023.0,0.033,3,2024-07-04,CLOSED
L000722,A001177,S000950,2252.47,0.0252,6,2024-11-22,CLOSED
L000723,A001179,S001690,3766.97,0.0196,9,2024-12-28,CLOSED
L000724,A001180,S001379,7342.63,0.037,18,2024-03-27,DEFAULT
L000725,A001181,S000688,6770.84,0.0398,9,2024-08-19,DEFAULT
L000726,A001183,S000854,1262.94,0.0154,9,2024-03-26,CLOSED
L000727,A001185,S001710,1254.88,0.026,3,2024-06-09,CLOSED
L000728,A001186,S000698,1246.16,0.0266,6,2024-07-16,ACTIVE
L000729,A001187,S000495,3018.99,0.0209,6,2024-11-17,DEFAULT
L000730,A001189,S001336,2864.02,0.0233,12,2024-09-01,CLOSED
L000731,A001190,S000390,4176.52,0.0312,9,2024-07-26,ACTIVE
L000732,A001192,S001372,4561.61,0.0275,24,2024-09-30,DEFAULT
L000733,A001193,S000736,5706.21,0.0304,12,2024-11-30,CLOSED
L000734,A001195,S001442,2638.85,0.0279,9,2025-01-03,CLOSED
L000735,A001196,S000869,3123.66,0.0408,24,2024-10-23,CLOSED
L000736,A001197,S001367,2538.23,0.0309,9,2024-11-26,CLOSED
L000737,A001200,S000964,7904.2,0.0393,24,2024-10-05,CLOSED
L000738,A001201,S000089,3912.11,0.0256,6,2024-03-21,ACTIVE
L000739,A001204,S000696,5925.69,0.0182,24,2024-11-28,ACTIVE
L000740,A001205,S000856,3033.95,0.032,12,2024-07-29,CLOSED
L000741,A001206,S001068,1345.29,0.0195,24,2024-07-30,DEFAULT
L000742,A001207,S000356,1257.25,0.0198,6,2024-11-27,CLOSED
L000743,A001209,S000047,1301.37,0.0211,12,2024-07-04,ACTIVE
L000744,A001210,S000592,856.44,0.0152,12,2024-02-10,ACTIVE
L000745,A001211,S001643,1144.71,0.0193,3,2024-10-31,CLOSED
L000746,A001213,S001094,1690.49,0.011,9,2025-01-31,CLOSED
L000747,A001215,S001092,5119.0,0.0138,12,2024-06-25,ACTIVE
L000748,A001216,S000662,4723.56,0.0296,9,2024-07-11,ACTIVE
L000749,A001217,S000904,2818.93,0.021,12,2024-04-07,ACTIVE
L000750,A001218,S000886,7192.99,0.0271,6,2024-09-10,CLOSED
L000751,A001220,S001302,1707.02,0.0182,18,2024-10-17,CLOSED
L000752,A001221,S001190,1326.09,0.0142,12,2024-05-30,ACTIVE
L000753,A001224,S001434,7419.69,0.0297,6,2024-02-18,DEFAULT
L000754,A001225,S000953,5604.02,0.0423,18,2024-09-04,CLOSED
L000755,A001229,S000110,6770.16,0.0325,24,2024-07-22,CLOSED
L000756,A001230,S001617,899.03,0.0187,12,2025-01-21,CLOSED
L000757,A001232,S000399,4462.81,0.0352,9,2024-06-28,ACTIVE
L000758,A001234,S001529,734.84,0.0279,3,2024-09-28,ACTIVE
L000759,A001237,S000866,2287.56,0.0193,3,2024-03-21,CLOSED
L000760,A001239,S000481,1415.65,0.0244,6,2024-02-11,ACTIVE
L000761,A001240,S001564,1714.03,0.015,3,2024-04-04,CLOSED
L000762,A001241,S001693,2402.64,0.0167,18,2024-04-03,ACTIVE
L000763,A001244,S000347,3925.45,0.0415,6,2024-03-14,CLOSED
L000764,A001247,S000962,2866.67,0.0364,6,2025-01-18,ACTIVE
L000765,A001249,S000066,1404.47,0.0268,6,2024-06-28,ACTIVE
L000766,A001250,S000276,2964.92,0.0255,3,2025-01-22,DEFAULT
L000767,A001251,S000180,1947.04,0.0198,9,2024-09-02,DEFAULT
L000768,A001253,S000963,3395.3,0.0422,12,2024-05-27,DEFAULT
L000769,A001254,S001522,3419.56,0.0231,12,2024-03-12,CLOSED
L000770,A001255,S001599,2285.12,0.0312,12,2024-03-19,CLOSED
L000771,A001256,S000580,2024.77,0.021,9,2024-09-13,ACTIVE
L000772,A001257,S001481,5381.03,0.0262,12,2024-11-08,CLOSED
L000773,A001258,S000153,1293.94,0.0158,18,2025-01-18,ACTIVE
L000774,A001260,S001325,3169.88,0.031,9,2024-03-24,CLOSED
L000775,A001261,S001587,2769.83,0.0296,3,2024-03-28,ACTIVE
L000776,A001262,S001209,5940.61,0.0267,18,2024-04-27,ACTIVE
L000777,A001263,S001516,1974.03,0.0286,12,2024-04-12,ACTIVE
L000778,A001264,S000957,6015.18,0.0373,18,2024-05-23,DEFAULT
L000779,A001265,S000554,1574.97,0.0175,9,2024-12-02,ACTIVE
L000780,A001267,S000915,1199.2,0.0331,18,2024-10-30,DEFAULT
L000781,A001268,S001635,1221.25,0.0218,9,2024-10-28,ACTIVE
L000782,A001272,S000682,3153.62,0.0227,9,2024-07-09,ACTIVE
L000783,A001273,S001709,835.44,0.0136,9,2024-09-16,ACTIVE
L000784,A001274,S000379,5672.92,0.0477,12,2025-01-11,ACTIVE
L000785,A001275,S001524,2794.97,0.0271,18,2024-05-14,CLOSED
L000786,A001276,S000254,1584.29,0.0298,12,2024-12-30,CLOSED
L000787,A001277,S001678,1089.55,0.0207,6,2024-02-14,CLOSED
L000788,A001280,S000212,2742.09,0.034,18,2024-03-27,ACTIVE
L000789,A001281,S000680,2789.99,0.0252,3,2024-04-22,CLOSED
L000790,A001282,S001702,2637.16,0.0184,6,2024-06-05,ACTIVE
L000791,A001284,S000926,3282.94,0.0265,12,2024-02-11,ACTIVE
L000792,A001285,S000556,905.67,0.0199,9,2024-06-08,ACTIVE
L000793,A001288,S000444,1350.61,0.0328,9,2024-05-10,DEFAULT
L000794,A001289,S000309,762.14,0.0158,9,2024-11-15,CLOSED
L000795,A001291,S000817,3859.32,0.0338,12,2024-10-16,ACTIVE
L000796,A001292,S000938,1200.25,0.03,3,2024-07-23,CLOSED
L000797,A001293,S000533,3130.16,0.024,18,2024-10-14,ACTIVE
L000798,A001294,S000586,1713.56,0.0228,6,2024-02-08,ACTIVE
L000799,A001296,S001603,4407.5,0.0271,6,2024-11-22,DEFAULT
L000800,A001297,S000996,5589.78,0.0165,18,2024-10-24,ACTIVE
L000801,A001300,S001171,3656.24,0.039,12,2024-09-01,DEFAULT
L000802,A001301,S001351,2203.15,0.038,12,2025-01-17,ACTIVE
L000803,A001302,S000906,3387.49,0.0239,9,2024-11-24,ACTIVE
L000804,A001303,S001160,745.85,0.0174,12,2024-10-10,CLOSED
L000805,A001304,S001101,1964.51,0.0293,9,2024-05-10,ACTIVE
L000806,A001305,S000796,2388.83,0.0144,24,2024-02-17,ACTIVE
L000807,A001307,S001192,3918.35,0.032,3,2024-02-22,ACTIVE
L000808,A001309,S001508,1812.22,0.0209,9,2024-10-31,CLOSED
L000809,A001310,S001228,1528.57,0.0242,9,2024-02-09,DEFAULT
L000810,A001314,S000222,914.85,0.02,9,2024-05-07,CLOSED
L000811,A001316,S000012,7075.7,0.0389,6,2024-05-08,CLOSED
L000812,A001318,S000307,3377.94,0.0333,12,2025-01-27,DEFAULT
L000813,A001320,S000987,3361.74,0.0227,12,2024-06-09,ACTIVE
L000814,A001321,S000659,2255.09,0.024,3,2024-05-09,ACTIVE
L000815,A001322,S001490,808.97,0.0335,9,2024-05-02,CLOSED
L000816,A001326,S001771,2418.36,0.0325,18,2025-01-04,DEFAULT
L000817,A001327,S000590,3316.04,0.0167,24,2024-11-11,DEFAULT
L000818,A001330,S001184,1681.7,0.024,9,2024-10-03,CLOSED
L000819,A001332,S000262,1614.98,0.0359,6,2024-11-18,ACTIVE
L000820,A001336,S000607,8931.11,0.0372,6,2025-01-28,DEFAULT
L000821,A001338,S001351,1861.18,0.027,6,2024-04-03,DEFAULT
L000822,A001339,S000504,2516.28,0.0208,18,2024-09-24,CLOSED
L000823,A001343,S001603,1647.95,0.0158,12,2024-11-19,ACTIVE
L000824,A001344,S000826,5546.32,0.0318,6,2024-09-02,ACTIVE
L000825,A001348,S000361,3285.38,0.0473,12,2024-02-07,ACTIVE
L000826,A001350,S001632,1301.78,0.02,24,2024-11-05,ACTIVE
L000827,A001352,S000787,1293.23,0.0311,9,2024-05-05,ACTIVE
L000828,A001353,S000308,2912.42,0.0197,6,2024-12-30,ACTIVE
L000829,A001355,S001413,778.6,0.0304,24,2024-05-08,ACTIVE
L000830,A001356,S000951,4110.65,0.0318,12,2024-02-09,DEFAULT
L000831,A001358,S000022,5565.54,0.0339,12,2024-08-28,CLOSED
L000832,A001359,S000569,2065.16,0.0134,6,2024-04-16,ACTIVE
L000833,A001360,S001173,3899.63,0.0311,12,2024-11-13,CLOSED
L000834,A001361,S001743,2692.7,0.022,18,2024-08-06,DEFAULT
L000835,A001362,S000081,831.65,0.0352,24,2024-11-27,DEFAULT
L000836,A001363,S000387,908.14,0.0208,12,2024-02-04,ACTIVE
L000837,A001364,S000078,2727.98,0.0298,12,2024-10-29,CLOSED
L000838,A001367,S000249,1702.28,0.0373,9,2024-12-18,DEFAULT
L000839,A001368,S000786,2434.15,0.0363,6,2024-02-01,CLOSED
L000840,A001372,S000522,3229.58,0.0241,9,2024-08-14,CLOSED
L000841,A001373,S000562,2402.5,0.0349,6,2024-08-10,ACTIVE
L000842,A001374,S001721,2715.38,0.0333,3,2024-04-04,CLOSED
L000843,A001379,S000261,1681.87,0.0213,12,2024-05-10,ACTIVE
L000844,A001381,S000446,3214.07,0.0263,3,2024-12-23,CLOSED
L000845,A001384,S000247,3051.45,0.031,6,2024-05-06,CLOSED
L000846,A001387,S000551,2216.17,0.0232,24,2024-12-13,CLOSED
L000847,A001389,S000108,4285.74,0.0214,12,2024-03-15,ACTIVE
L000848,A001390,S001229,2098.69,0.0324,24,2024-11-24,CLOSED
L000849,A001391,S000696,6675.19,0.0189,6,2024-04-13,ACTIVE
L000850,A001394,S001357,2981.76,0.0399,9,2025-01-04,CLOSED
L000851,A001395,S001107,6185.4,0.0349,6,2024-06-30,DEFAULT
L000852,A001397,S000663,2861.23,0.0273,12,2025-01-30,CLOSED
L000853,A001399,S001409,2836.44,0.0197,12,2024-12-16,CLOSED
L000854,A001400,S001758,1243.35,0.0338,6,2024-12-07,CLOSED
L000855,A001401,S001615,3606.21,0.0284,12,2024-03-16,ACTIVE
L000856,A001402,S000995,2283.51,0.0436,6,2024-02-12,DEFAULT
L000857,A001405,S000222,2951.88,0.0155,9,2024-05-18,CLOSED
L000858,A001406,S001499,1110.3,0.0384,24,2024-09-10,ACTIVE
L000859,A001407,S001415,6320.35,0.012,9,2024-02-27,ACTIVE
L000860,A001408,S000161,4049.78,0.0459,9,2024-03-28,ACTIVE
L000861,A001411,S001069,1843.04,0.0243,12,2024-02-15,CLOSED
L000862,A001412,S000833,1389.02,0.02,12,2024-07-28,CLOSED
L000863,A001413,S000780,1152.83,0.024,24,2024-12-28,ACTIVE
L000864,A001414,S001282,3302.9,0.0272,12,2024-02-14,CLOSED
L000865,A001416,S000362,3270.16,0.0518,9,2024-05-08,CLOSED
L000866,A001418,S001328,1471.36,0.0199,18,2024-11-15,ACTIVE
L000867,A001420,S000765,1234.67,0.0213,6,2025-01-25,CLOSED
L000868,A001421,S000259,3724.11,0.0248,6,2024-12-23,CLOSED
L000869,A001422,S000646,6150.33,0.0349,6,2024-08-29,DEFAULT
L000870,A001423,S001409,827.19,0.019,6,2024-12-13,ACTIVE
L000871,A001425,S000911,794.51,0.0166,9,2024-03-08,ACTIVE
L000872,A001427,S000637,2002.16,0.0142,12,2025-01-27,ACTIVE
L000873,A001428,S000039,4036.92,0.0334,9,2024-02-12,CLOSED
L000874,A001430,S000268,1087.69,0.025,12,2024-05-14,ACTIVE
L000875,A001431,S000509,1138.27,0.0306,12,2024-04-25,CLOSED
L000876,A001438,S001177,6002.71,0.0385,24,2024-03-03,CLOSED
L000877,A001439,S001458,1577.95,0.0272,9,2024-04-10,CLOSED
L000878,A001440,S001678,5302.38,0.0306,6,2024-11-05,CLOSED
L000879,A001446,S000206,1720.44,0.0389,3,2024-09-09,DEFAULT
L000880,A001449,S001062,4695.14,0.0245,18,2024-02-10,ACTIVE
L000881,A001450,S000835,1545.77,0.017,9,2024-07-20,CLOSED
L000882,A001452,S001113,1219.33,0.0229,12,2024-09-12,ACTIVE
L000883,A001454,S000073,4085.76,0.0344,9,2024-09-10,CLOSED
L000884,A001455,S000617,6803.28,0.0389,3,2024-09-24,DEFAULT
L000885,A001458,S000820,845.85,0.0307,12,2024-03-20,DEFAULT
L000886,A001460,S000555,3037.15,0.0185,24,2024-08-02,CLOSED
L000887,A001461,S000462,8833.38,0.0455,9,2024-07-02,CLOSED
L000888,A001462,S001676,1111.11,0.0293,24,2024-12-10,ACTIVE
L000889,A001463,S001305,1202.91,0.0184,12,2024-12-04,CLOSED
L000890,A001466,S001459,2184.99,0.0229,24,2024-02-26,CLOSED
L000891,A001470,S000020,1292.15,0.0266,18,2024-06-12,DEFAULT
L000892,A001471,S000524,6765.0,0.0337,12,2024-11-02,DEFAULT
L000893,A001472,S001655,2661.28,0.0192,18,2024-08-01,ACTIVE
L000894,A001475,S001530,4754.58,0.0287,18,2024-06-04,CLOSED
L000895,A001477,S000072,1528.22,0.0174,9,2024-07-01,CLOSED
L000896,A001478,S001541,8085.08,0.0408,6,2025-01-08,CLOSED
L000897,A001480,S001434,2436.08,0.0184,24,2024-04-12,CLOSED
L000898,A001484,S000374,5635.11,0.0339,24,2024-05-18,DEFAULT
L000899,A001485,S000149,1297.61,0.0228,12,2024-09-19,CLOSED
L000900,A001488,S000270,2285.01,0.0166,9,2024-10-20,DEFAULT
L000901,A001491,S000941,1317.59,0.0263,12,2024-07-01,CLOSED
L000902,A001492,S000319,1450.21,0.038,6,2024-12-04,DEFAULT
L000903,A001494,S000008,5975.7,0.0396,18,2024-12-11,DEFAULT
L000904,A001496,S000699,8591.22,0.0236,9,2024-07-05,ACTIVE
L000905,A001497,S000905,3343.84,0.0281,18,2025-01-11,CLOSED
L000906,A001498,S000778,3700.91,0.0198,12,2024-03-06,ACTIVE
L000907,A001500,S001704,1711.34,0.0224,3,2025-01-09,CLOSED
L000908,A001501,S000131,1629.74,0.026,6,2024-07-22,DEFAULT
L000909,A001503,S000713,7219.43,0.0379,3,2024-03-25,CLOSED
L000910,A001504,S000247,1154.07,0.0242,6,2024-10-16,CLOSED
L000911,A001505,S001211,2066.07,0.0117,6,2024-06-24,ACTIVE
L000912,A001508,S000757,2720.95,0.0372,12,2024-08-07,CLOSED
L000913,A001511,S000100,6265.71,0.0453,3,2024-07-01,ACTIVE
L000914,A001512,S001681,5554.83,0.0222,6,2024-05-09,ACTIVE
L000915,A001514,S000162,1559.16,0.0416,12,2024-07-01,CLOSED
L000916,A001515,S000027,7279.03,0.0389,3,2024-12-19,ACTIVE
L000917,A001516,S000748,1312.25,0.0258,9,2024-07-18,CLOSED
L000918,A001517,S001471,798.95,0.0227,18,2024-06-26,ACTIVE
L000919,A001521,S001414,2005.49,0.0349,12,2025-01-13,DEFAULT
L000920,A001522,S001709,1616.47,0.0165,12,2024-04-17,CLOSED
L000921,A001523,S000755,2841.53,0.0146,24,2024-09-22,CLOSED
L000922,A001526,S001677,2820.74,0.0318,9,2025-01-17,CLOSED
L000923,A001527,S000806,1372.87,0.0195,18,2024-09-25,CLOSED
L000924,A001529,S000436,1472.09,0.0201,6,2024-08-02,CLOSED
L000925,A001530,S000697,2597.13,0.0334,18,2024-03-30,CLOSED
L000926,A001532,S000866,3647.57,0.0249,12,2024-08-28,ACTIVE
L000927,A001534,S000462,3806.49,0.0393,18,2024-05-05,DEFAULT
L000928,A001535,S000575,1432.32,0.0203,6,2024-12-26,CLOSED
L000929,A001536,S000833,1687.98,0.0165,3,2024-05-27,ACTIVE
L000930,A001537,S000638,3199.91,0.0377,9,2024-09-04,CLOSED
L000931,A001538,S001231,3006.45,0.0311,9,2024-10-15,DEFAULT
L000932,A001539,S000647,2488.17,0.022,6,2024-08-31,ACTIVE
L000933,A001540,S000381,1979.12,0.0197,3,2024-05-16,ACTIVE
L000934,A001543,S000142,5053.6,0.0278,18,2024-05-21,ACTIVE
L000935,A001545,S001515,1949.26,0.0165,12,2024-03-31,ACTIVE
L000936,A001546,S000109,1362.59,0.0193,6,2024-11-02,CLOSED
L000937,A001548,S000093,746.08,0.0311,6,2024-06-24,ACTIVE
L000938,A001549,S001529,1900.61,0.0178,12,2024-02-19,CLOSED
L000939,A001550,S000420,887.88,0.0226,12,2024-11-07,ACTIVE
L000940,A001551,S001720,5700.56,0.0322,9,2024-03-23,ACTIVE
L000941,A001552,S000877,1171.44,0.0145,18,2025-01-05,CLOSED
L000942,A001553,S001359,3418.86,0.0263,6,2024-07-08,CLOSED
L000943,A001554,S001252,5204.77,0.0281,12,2024-11-03,CLOSED
L000944,A001555,S001286,2265.74,0.0282,18,2024-02-29,CLOSED
L000945,A001556,S001286,1724.13,0.0228,12,2024-03-27,CLOSED
L000946,A001558,S000618,3449.31,0.0288,12,2024-10-10,DEFAULT
L000947,A001562,S000418,794.0,0.0218,12,2024-05-14,ACTIVE
L000948,A001565,S000829,3880.46,0.0165,12,2024-10-13,ACTIVE
L000949,A001569,S000892,2461.46,0.0318,6,2024-05-29,CLOSED
L000950,A001570,S001244,3046.45,0.0405,24,2025-01-14,ACTIVE
L000951,A001574,S000400,1568.0,0.0276,6,2025-01-30,ACTIVE
L000952,A001577,S000723,1292.18,0.0159,12,2024-09-28,CLOSED
L000953,A001579,S000058,884.24,0.0175,18,2024-04-21,CLOSED
L000954,A001584,S001489,2257.14,0.0192,3,2024-06-16,ACTIVE
L000955,A001585,S001412,1431.77,0.0304,18,2024-03-16,CLOSED
L000956,A001588,S000198,2270.45,0.0193,12,2024-10-26,ACTIVE
L000957,A001589,S001304,1321.6,0.033,9,2024-11-23,ACTIVE
L000958,A001592,S001151,2568.7,0.0206,12,2024-10-23,CLOSED
L000959,A001593,S001307,2718.06,0.0221,9,2024-10-09,CLOSED
L000960,A001595,S001534,1326.8,0.0258,9,2024-08-20,DEFAULT
L000961,A001597,S000020,2224.2,0.0305,12,2024-06-07,ACTIVE
L000962,A001598,S001326,2527.61,0.021,18,2025-01-08,ACTIVE
L000963,A001599,S000083,1129.2,0.022,12,2024-07-18,ACTIVE
L000964,A001601,S001113,2106.65,0.0223,12,2024-03-01,ACTIVE
L000965,A001602,S000814,7101.1,0.0325,3,2025-01-19,ACTIVE
L000966,A001606,S000131,1270.19,0.0264,9,2024-05-10,ACTIVE
L000967,A001607,S000028,3733.87,0.0293,18,2024-11-28,DEFAULT
L000968,A001608,S000903,2060.99,0.0242,18,2024-10-28,ACTIVE
L000969,A001609,S000789,5918.86,0.0325,12,2025-01-20,ACTIVE
L000970,A001610,S001344,1878.54,0.016,24,2024-06-12,CLOSED
L000971,A001611,S000113,4357.98,0.0373,9,2024-06-17,ACTIVE
L000972,A001613,S000812,4490.74,0.043,6,2024-12-25,CLOSED
L000973,A001614,S001383,1673.62,0.0279,18,2024-02-02,CLOSED
L000974,A001615,S000814,1475.4,0.0205,6,2024-06-25,ACTIVE
L000975,A001616,S001078,1640.32,0.0122,12,2024-11-20,ACTIVE
L000976,A001617,S000859,5413.17,0.0307,12,2024-02-07,ACTIVE
L000977,A001618,S000596,2434.67,0.0213,18,2024-02-11,ACTIVE
L000978,A001619,S001055,1908.71,0.011,6,2024-02-04,CLOSED
L000979,A001620,S000645,1086.66,0.0233,18,2024-10-02,CLOSED
L000980,A001621,S000537,2826.27,0.03,18,2025-01-14,DEFAULT
L000981,A001622,S001194,1579.32,0.0192,9,2025-01-30,CLOSED
L000982,A001625,S000347,8480.73,0.0417,18,2024-11-29,CLOSED
L000983,A001626,S000500,767.98,0.0206,18,2024-03-06,CLOSED
L000984,A001627,S001694,4303.08,0.0412,24,2024-12-04,ACTIVE
L000985,A001628,S001226,4551.06,0.0163,9,2024-09-22,ACTIVE
L000986,A001630,S001371,764.66,0.0198,18,2024-06-14,ACTIVE
L000987,A001631,S001406,6027.0,0.0296,12,2024-11-04,ACTIVE
L000988,A001633,S000048,1297.91,0.0168,18,2024-09-12,CLOSED
L000989,A001634,S001664,2139.85,0.0313,24,2024-03-03,ACTIVE
L000990,A001636,S000661,4359.49,0.0313,6,2024-03-10,DEFAULT
L000991,A001638,S001625,2630.48,0.0255,12,2024-12-24,CLOSED
L000992,A001639,S001061,2899.05,0.0178,24,2024-07-01,ACTIVE
L000993,A001643,S001059,2747.86,0.0193,12,2024-08-29,CLOSED
L000994,A001646,S000944,1634.31,0.0321,12,2024-05-12,CLOSED
L000995,A001647,S001787,4547.5,0.0219,9,2024-07-30,ACTIVE
L000996,A001648,S000811,1128.36,0.0185,12,2024-06-07,ACTIVE
L000997,A001649,S000808,5377.12,0.0321,12,2024-12-21,ACTIVE
L000998,A001650,S000683,888.52,0.016,24,2024-12-20,ACTIVE
L000999,A001651,S000123,1467.34,0.0124,12,2024-07-18,ACTIVE
L001000,A001653,S000497,830.92,0.0174,6,2024-04-02,CLOSED
L001001,A001654,S001739,889.67,0.0384,9,2024-12-09,DEFAULT
L001002,A001655,S000363,2775.35,0.0188,9,2024-07-14,ACTIVE
L001003,A001657,S000537,2472.54,0.0296,24,2024-06-02,ACTIVE
L001004,A001658,S000758,1123.68,0.0158,6,2024-03-17,CLOSED
L001005,A001659,S001586,5039.24,0.0268,9,2024-02-09,ACTIVE
L001006,A001660,S000661,1374.02,0.0329,9,2024-12-12,CLOSED
L001007,A001661,S000264,824.12,0.0212,18,2024-05-23,ACTIVE
L001008,A001662,S001311,2543.97,0.0155,3,2024-02-02,CLOSED
L001009,A001663,S000779,765.37,0.0262,24,2024-10-29,ACTIVE
L001010,A001664,S001253,3298.87,0.0185,3,2024-04-09,ACTIVE
L001011,A001665,S001614,4140.11,0.0501,9,2024-10-19,DEFAULT
L001012,A001667,S000758,2528.19,0.0262,12,2025-01-18,CLOSED
L001013,A001668,S000671,6426.44,0.0393,12,2024-05-30,ACTIVE
L001014,A001670,S000964,2475.62,0.022,9,2024-11-26,ACTIVE
L001015,A001671,S001438,1423.75,0.0316,12,2024-02-16,DEFAULT
L001016,A001672,S000031,1838.84,0.0163,3,2025-01-10,ACTIVE
L001017,A001676,S001657,3755.22,0.0387,9,2024-05-26,DEFAULT
L001018,A001677,S000569,1325.81,0.0175,9,2025-01-01,CLOSED
L001019,A001678,S001010,1696.81,0.0184,6,2024-08-27,CLOSED
L001020,A001679,S001436,1675.86,0.0244,12,2024-08-04,ACTIVE
L001021,A001681,S000424,2597.07,0.0296,6,2024-02-10,ACTIVE
L001022,A001683,S000036,1255.49,0.021,6,2025-01-10,CLOSED
L001023,A001684,S000162,5700.32,0.0509,9,2025-01-16,CLOSED
L001024,A001685,S000336,2278.58,0.0124,6,2024-05-03,CLOSED
L001025,A001686,S000389,2882.54,0.0133,12,2024-08-23,CLOSED
L001026,A001687,S001018,4037.18,0.027,6,2024-10-15,ACTIVE
L001027,A001688,S000580,4137.04,0.0241,18,2024-02-21,CLOSED
L001028,A001689,S001112,2489.31,0.0321,6,2024-12-01,DEFAULT
L001029,A001690,S000087,2650.89,0.0189,3,2024-02-15,CLOSED
L001030,A001691,S000425,3866.14,0.0371,24,2024-06-19,DEFAULT
L001031,A001692,S000263,3046.19,0.0379,9,2024-04-15,DEFAULT
L001032,A001693,S001040,3949.77,0.0323,12,2024-07-25,DEFAULT
L001033,A001694,S001496,875.32,0.0236,12,2024-02-05,ACTIVE
L001034,A001695,S000563,3276.52,0.0314,9,2024-11-10,ACTIVE
L001035,A001697,S001288,5663.59,0.0424,12,2024-09-08,ACTIVE
L001036,A001698,S001077,4347.16,0.0363,24,2024-05-25,ACTIVE
L001037,A001699,S001198,5547.23,0.0435,18,2024-03-05,ACTIVE
L001038,A001700,S001797,2622.13,0.0215,18,2024-06-06,CLOSED
L001039,A001701,S001297,725.26,0.0229,12,2024-11-08,CLOSED
L001040,A001702,S000709,3251.98,0.0347,12,2024-05-30,DEFAULT
L001041,A001703,S000398,2276.1,0.023,3,2025-01-14,CLOSED
L001042,A001707,S000112,1828.33,0.033,6,2024-10-07,CLOSED
L001043,A001708,S000428,841.39,0.0307,6,2024-06-02,DEFAULT
L001044,A001709,S001035,3620.14,0.0418,9,2024-10-10,DEFAULT
L001045,A001714,S000579,1668.74,0.0185,6,2024-07-22,ACTIVE
L001046,A001717,S001049,2639.0,0.0241,6,2024-10-03,DEFAULT
L001047,A001721,S001590,2408.37,0.0352,18,2024-09-21,ACTIVE
L001048,A001722,S001725,3728.02,0.0203,6,2024-12-29,ACTIVE
L001049,A001723,S001491,1492.76,0.0202,9,2024-10-19,CLOSED
L001050,A001725,S001797,1949.17,0.0215,6,2024-09-05,CLOSED
L001051,A001727,S000059,1098.71,0.0221,12,2024-09-27,CLOSED
L001052,A001731,S001570,3830.39,0.0374,12,2024-09-04,DEFAULT
L001053,A001735,S001055,2226.77,0.0212,6,2024-08-29,ACTIVE
L001054,A001736,S001537,1266.07,0.0222,12,2024-06-29,ACTIVE
L001055,A001737,S001509,2732.69,0.0241,18,2024-10-27,DEFAULT
L001056,A001738,S001798,2301.46,0.0372,6,2024-07-03,CLOSED
L001057,A001739,S001295,2823.27,0.0228,9,2024-05-21,CLOSED
L001058,A001741,S000017,1609.12,0.0205,6,2024-08-06,CLOSED
L001059,A001742,S000445,7356.79,0.0303,12,2024-08-29,ACTIVE
L001060,A001743,S000474,5573.61,0.053,3,2024-12-19,DEFAULT
L001061,A001744,S000163,3935.69,0.044,9,2025-01-18,CLOSED
L001062,A001746,S000528,5152.14,0.0287,9,2024-09-15,ACTIVE
L001063,A001748,S000127,1446.45,0.0184,12,2025-01-16,CLOSED
L001064,A001751,S000352,2781.88,0.0359,12,2024-05-06,DEFAULT
L001065,A001752,S000537,1401.2,0.0256,24,2024-06-26,CLOSED
L001066,A001753,S001119,1310.15,0.0304,6,2024-09-17,DEFAULT
L001067,A001754,S000531,1291.56,0.0096,6,2024-04-29,ACTIVE
L001068,A001755,S000199,1259.49,0.0238,12,2024-11-20,CLOSED
L001069,A001758,S000797,2095.13,0.0189,9,2024-08-23,ACTIVE
L001070,A001759,S001654,2468.66,0.0314,18,2024-06-11,ACTIVE
L001071,A001760,S001645,2278.33,0.0225,6,2024-11-08,ACTIVE
L001072,A001761,S000573,1811.39,0.0229,6,2024-08-15,ACTIVE
L001073,A001762,S000661,4105.96,0.0326,12,2024-03-04,DEFAULT
L001074,A001764,S001130,5154.52,0.023,12,2024-07-09,CLOSED
L001075,A001768,S000366,2169.97,0.0127,6,2024-09-04,CLOSED
L001076,A001769,S000447,7725.44,0.0378,6,2024-02-17,ACTIVE
L001077,A001773,S000691,5533.52,0.0348,6,2024-07-21,DEFAULT
L001078,A001774,S000985,6343.38,0.0318,12,2024-09-02,DEFAULT
L001079,A001775,S000801,3418.27,0.0228,12,2024-05-20,CLOSED
L001080,A001776,S000874,5583.75,0.0363,18,2024-02-15,DEFAULT
L001081,A001777,S000449,1690.33,0.0232,18,2024-03-21,ACTIVE
L001082,A001779,S000568,4520.72,0.03,9,2024-09-07,CLOSED
L001083,A001780,S000169,5594.6,0.0381,18,2024-06-20,CLOSED
L001084,A001787,S000290,3134.58,0.0295,18,2024-10-30,CLOSED
L001085,A001788,S001206,1933.8,0.0181,9,2024-10-19,ACTIVE
L001086,A001790,S000225,3153.23,0.034,12,2024-11-30,ACTIVE
L001087,A001791,S000858,1722.81,0.0225,12,2024-04-25,CLOSED
L001088,A001792,S000405,2608.66,0.032,6,2024-12-07,CLOSED
L001089,A001793,S001044,1132.78,0.034,12,2024-09-16,ACTIVE
L001090,A001794,S001451,2872.38,0.0241,6,2024-04-18,CLOSED
L001091,A001795,S001006,8484.38,0.0298,18,2024-05-04,ACTIVE
L001092,A001796,S000264,1948.13,0.0235,6,2025-01-23,ACTIVE
L001093,A001799,S000211,884.44,0.0267,24,2024-07-26,ACTIVE
L001094,A001800,S001175,4639.99,0.0458,24,2024-12-11,DEFAULT
L001095,A001807,S001073,7144.24,0.0499,6,2024-08-24,DEFAULT
L001096,A001808,S000292,2024.99,0.0163,18,2024-09-25,CLOSED
L001097,A001809,S001048,2321.77,0.0305,6,2024-03-28,DEFAULT
L001098,A001810,S000192,2554.19,0.0151,12,2024-11-20,CLOSED
L001099,A001811,S000135,1216.04,0.0331,9,2024-11-12,ACTIVE
L001100,A001812,S000473,1991.33,0.0176,12,2024-06-23,ACTIVE
L001101,A001813,S001583,1584.97,0.023,12,2025-01-30,DEFAULT
L001102,A001814,S001402,2406.35,0.0218,6,2024-04-07,DEFAULT
L001103,A001816,S001369,2297.6,0.0406,12,2024-05-26,DEFAULT
L001104,A001817,S000682,2894.27,0.0162,9,2024-11-04,CLOSED
L001105,A001820,S001323,7196.3,0.0461,18,2024-10-18,CLOSED
L001106,A001821,S001627,1715.41,0.0266,9,2024-11-07,CLOSED
L001107,A001822,S000595,5901.95,0.0328,12,2024-02-01,CLOSED
L001108,A001824,S001288,2265.57,0.034,18,2024-12-12,ACTIVE
L001109,A001826,S000958,2826.24,0.0283,12,2024-09-09,CLOSED
L001110,A001828,S000839,2245.67,0.0295,12,2024-10-22,DEFAULT
L001111,A001829,S000157,1877.79,0.0278,6,2024-07-25,CLOSED
L001112,A001830,S001322,727.62,0.0162,12,2024-11-29,ACTIVE
L001113,A001832,S001672,2084.57,0.0128,18,2024-05-13,CLOSED
L001114,A001833,S001522,3291.11,0.0258,3,2024-10-08,ACTIVE
L001115,A001835,S000810,4710.03,0.044,9,2024-02-27,ACTIVE
L001116,A001836,S001066,1477.36,0.0183,12,2024-12-22,CLOSED
L001117,A001838,S001169,1199.01,0.0208,6,2024-04-15,ACTIVE
L001118,A001840,S001631,2026.61,0.0281,6,2024-08-01,ACTIVE
L001119,A001841,S001250,1457.8,0.0357,6,2024-11-19,ACTIVE
L001120,A001846,S000888,838.45,0.0164,24,2024-04-26,CLOSED
L001121,A001849,S000917,1146.12,0.0212,24,2024-04-02,CLOSED
L001122,A001851,S000586,917.31,0.0154,12,2024-08-09,ACTIVE
L001123,A001852,S000312,5415.83,0.0406,12,2024-03-05,DEFAULT
L001124,A001853,S001287,1150.7,0.0193,12,2024-04-05,ACTIVE
L001125,A001855,S000315,1434.32,0.0194,12,2024-05-23,ACTIVE
L001126,A001856,S000945,3666.04,0.0268,9,2024-04-19,CLOSED
L001127,A001857,S001717,1117.08,0.0136,12,2024-04-20,ACTIVE
L001128,A001858,S001482,3382.13,0.0263,9,2024-02-20,DEFAULT
L001129,A001859,S000869,1152.0,0.0359,18,2024-07-29,ACTIVE
L001130,A001860,S000534,2082.49,0.0238,6,2024-08-31,CLOSED
L001131,A001861,S001317,2408.52,0.0397,12,2024-09-03,DEFAULT
L001132,A001862,S001603,2322.32,0.0252,6,2024-05-08,ACTIVE
L001133,A001864,S000097,3222.59,0.0301,12,2024-02-27,CLOSED
L001134,A001865,S001160,1620.04,0.0154,3,2024-08-10,ACTIVE
L001135,A001866,S001467,7463.48,0.0251,6,2024-10-05,ACTIVE
L001136,A001867,S001592,1579.94,0.0179,24,2024-05-30,ACTIVE
L001137,A001868,S001040,1552.61,0.0234,24,2024-04-07,ACTIVE
L001138,A001872,S000974,3051.94,0.0315,12,2024-03-08,ACTIVE
L001139,A001874,S000718,877.92,0.0253,12,2025-01-22,ACTIVE
L001140,A001875,S001316,1181.33,0.0362,6,2024-03-26,ACTIVE
L001141,A001877,S001725,3317.09,0.02,12,2024-03-13,CLOSED
L001142,A001878,S001027,1436.88,0.0275,3,2024-07-18,ACTIVE
L001143,A001880,S000737,2776.24,0.0208,9,2024-04-02,ACTIVE
L001144,A001881,S001083,1643.91,0.0208,18,2024-09-07,ACTIVE
L001145,A001885,S001178,2133.12,0.0271,18,2024-03-12,CLOSED
L001146,A001886,S000706,1655.47,0.031,12,2024-05-01,ACTIVE
L001147,A001887,S001560,6528.97,0.0223,9,2024-02-26,ACTIVE
L001148,A001889,S001448,2330.65,0.0275,6,2024-11-19,ACTIVE
L001149,A001891,S001343,2245.68,0.0225,18,2024-09-09,ACTIVE
L001150,A001893,S000079,7012.2,0.0414,9,2024-05-10,DEFAULT
L001151,A001894,S000910,5315.03,0.034,18,2024-11-04,ACTIVE
L001152,A001895,S000854,2502.87,0.0212,6,2024-03-04,CLOSED
L001153,A001897,S001207,2490.03,0.0185,9,2024-04-13,ACTIVE
L001154,A001898,S001619,1954.17,0.0258,9,2024-12-21,CLOSED
L001155,A001899,S000601,1826.13,0.0222,6,2024-09-29,ACTIVE
L001156,A001902,S000283,1947.18,0.0331,9,2024-03-28,ACTIVE
L001157,A001903,S001483,2182.26,0.0323,12,2024-06-20,DEFAULT
L001158,A001906,S001532,7293.87,0.0383,9,2024-08-27,DEFAULT
L001159,A001909,S001205,2971.99,0.0358,9,2024-05-30,CLOSED
L001160,A001912,S000516,1308.66,0.0283,9,2024-10-13,ACTIVE
L001161,A001913,S000896,8210.27,0.0454,12,2024-04-16,DEFAULT
L001162,A001914,S001444,5588.41,0.0395,18,2024-08-20,ACTIVE
L001163,A001915,S000269,1502.18,0.0173,12,2024-03-28,CLOSED
L001164,A001916,S000167,2299.08,0.0296,12,2024-05-14,CLOSED
L001165,A001917,S000246,2149.27,0.0235,18,2025-01-18,DEFAULT
L001166,A001919,S000747,1186.5,0.0134,9,2024-05-09,ACTIVE
L001167,A001921,S000383,8815.0,0.0374,12,2024-06-07,DEFAULT
L001168,A001922,S001020,3268.67,0.0215,9,2024-06-24,CLOSED
L001169,A001926,S000256,6116.98,0.0269,12,2024-10-13,ACTIVE
L001170,A001927,S001094,1991.84,0.0219,12,2024-05-21,ACTIVE
L001171,A001929,S000305,1383.29,0.0321,9,2024-04-07,DEFAULT
L001172,A001930,S001134,912.58,0.0255,9,2024-12-26,ACTIVE
L001173,A001931,S001562,5239.03,0.0381,18,2024-05-04,CLOSED
L001174,A001932,S001441,1124.68,0.0237,9,2024-09-22,ACTIVE
L001175,A001933,S000655,1359.87,0.0216,12,2024-05-15,ACTIVE
L001176,A001936,S000056,1702.54,0.0233,3,2024-07-21,ACTIVE
L001177,A001937,S001412,1340.78,0.0309,9,2024-07-15,DEFAULT
L001178,A001939,S000231,4852.85,0.037,18,2024-09-03,ACTIVE
L001179,A001941,S000071,4992.44,0.0372,12,2024-04-21,DEFAULT
L001180,A001942,S001485,1539.12,0.0156,6,2024-11-25,CLOSED
L001181,A001945,S000963,1616.08,0.0333,9,2024-09-29,CLOSED
L001182,A001949,S000022,2678.89,0.0361,18,2024-07-10,DEFAULT
L001183,A001953,S000955,2188.54,0.0266,12,2024-05-17,CLOSED
L001184,A001954,S000341,1605.95,0.0237,12,2025-01-18,CLOSED
L001185,A001957,S000562,2078.03,0.0396,9,2024-10-01,ACTIVE
L001186,A001958,S001482,1175.3,0.0242,6,2024-04-24,ACTIVE
L001187,A001968,S001041,1161.18,0.0205,9,2024-07-31,CLOSED
L001188,A001970,S001248,2751.14,0.0335,6,2024-09-10,CLOSED
L001189,A001971,S001359,2239.18,0.0215,6,2024-03-11,CLOSED
L001190,A001973,S000552,7716.16,0.0265,9,2024-08-19,DEFAULT
L001191,A001975,S000878,4023.15,0.0426,12,2024-10-09,ACTIVE
L001192,A001976,S000779,1455.83,0.0337,12,2024-06-14,CLOSED
L001193,A001977,S000815,1217.27,0.0111,12,2024-07-19,ACTIVE
L001194,A001979,S001229,3288.98,0.0349,12,2024-03-29,CLOSED
L001195,A001980,S001118,1279.86,0.0269,12,2024-06-30,ACTIVE
L001196,A001982,S001248,1714.12,0.0205,9,2024-02-14,CLOSED
L001197,A001983,S000671,7168.46,0.0444,3,2025-01-18,DEFAULT
L001198,A001984,S000672,2492.22,0.0285,12,2024-07-20,CLOSED
L001199,A001985,S001199,3833.38,0.0276,9,2024-02-07,CLOSED
L001200,A001986,S000838,1430.83,0.0196,12,2024-06-04,ACTIVE
L001201,A001988,S000945,2968.63,0.0212,6,2024-08-16,CLOSED
L001202,A001989,S000155,2856.5,0.025,12,2024-08-04,CLOSED
L001203,A001990,S000082,1103.41,0.0243,12,2024-12-03,ACTIVE
L001204,A001992,S001270,891.03,0.0251,9,2024-06-05,ACTIVE
L001205,A001994,S000945,2713.44,0.0224,12,2024-06-14,CLOSED
L001206,A001995,S000013,6766.18,0.0383,9,2024-11-12,DEFAULT
L001207,A001996,S001075,7363.56,0.0374,6,2024-11-22,ACTIVE
L001208,A001997,S000905,2761.99,0.0285,6,2024-05-19,CLOSED
L001209,A002003,S000268,831.07,0.0237,24,2024-05-31,ACTIVE
L001210,A002005,S000004,2388.15,0.0245,6,2024-09-21,ACTIVE
L001211,A002006,S000517,2285.55,0.023,6,2024-11-09,ACTIVE
L001212,A002007,S001123,4038.93,0.0341,12,2024-04-11,ACTIVE
L001213,A002008,S001576,2763.76,0.0326,12,2025-01-29,ACTIVE
L001214,A002009,S001006,7355.6,0.0326,12,2024-10-08,ACTIVE
L001215,A002012,S001299,1339.53,0.0217,3,2024-05-10,ACTIVE
L001216,A002013,S000107,3423.36,0.0261,18,2024-07-24,CLOSED
L001217,A002014,S001421,5464.52,0.0236,24,2024-09-30,ACTIVE
L001218,A002015,S001698,873.99,0.0239,24,2024-12-29,CLOSED
L001219,A002016,S000193,2047.63,0.0291,18,2024-11-10,CLOSED
L001220,A002017,S000517,3131.73,0.0277,18,2024-05-11,ACTIVE
L001221,A002018,S001712,1286.9,0.0264,3,2024-12-14,ACTIVE
L001222,A002019,S000419,4377.43,0.0275,12,2024-04-25,ACTIVE
L001223,A002021,S000365,5634.58,0.0316,12,2024-12-30,ACTIVE
L001224,A002022,S000877,4486.96,0.0289,6,2024-12-12,DEFAULT
L001225,A002023,S001027,5332.68,0.0362,3,2024-03-15,DEFAULT
L001226,A002025,S000169,1414.41,0.0217,18,2024-02-15,CLOSED
L001227,A002026,S000372,4665.98,0.024,3,2025-01-25,ACTIVE
L001228,A002028,S001223,3096.57,0.035,18,2024-10-19,ACTIVE
L001229,A002029,S001408,1100.76,0.0156,9,2024-09-11,ACTIVE
L001230,A002030,S000640,1346.19,0.0143,6,2025-01-01,ACTIVE
L001231,A002031,S001509,5395.34,0.0323,12,2024-11-13,ACTIVE
L001232,A002033,S000220,2047.42,0.0326,12,2024-04-23,DEFAULT
L001233,A002035,S001316,2743.91,0.0404,3,2024-03-15,CLOSED
L001234,A002036,S001434,1339.42,0.0174,9,2024-09-24,CLOSED
L001235,A002038,S001323,4039.61,0.0366,6,2024-09-27,ACTIVE
L001236,A002039,S001088,1333.66,0.0195,3,2024-05-30,DEFAULT
L001237,A002042,S000451,1389.25,0.0355,9,2024-07-17,CLOSED
L001238,A002043,S000284,2194.16,0.0382,6,2024-02-21,ACTIVE
L001239,A002044,S000141,8683.5,0.0125,24,2024-11-03,ACTIVE
L001240,A002046,S000501,3075.29,0.0339,3,2024-10-03,CLOSED
L001241,A002047,S000436,3239.82,0.0157,3,2024-11-14,ACTIVE
L001242,A002048,S001347,4199.76,0.0355,24,2024-03-11,CLOSED
L001243,A002049,S001290,1812.94,0.0282,18,2024-03-16,CLOSED
L001244,A002052,S001622,4504.38,0.0349,9,2024-07-29,CLOSED
L001245,A002053,S000262,2958.65,0.0292,9,2024-03-20,DEFAULT
L001246,A002054,S000124,1609.52,0.0245,12,2024-09-14,CLOSED
L001247,A002055,S001644,2804.89,0.0251,6,2024-07-20,CLOSED
L001248,A002060,S001483,1460.26,0.0182,3,2024-07-14,CLOSED
L001249,A002061,S001034,1357.29,0.0197,24,2024-08-09,ACTIVE
L001250,A002062,S001286,5449.87,0.0399,3,2025-01-21,ACTIVE
L001251,A002065,S000220,1399.12,0.0301,12,2024-04-23,CLOSED
L001252,A002066,S001486,2044.04,0.0209,9,2024-03-02,ACTIVE
L001253,A002067,S001719,2160.52,0.0219,12,2024-04-26,CLOSED
L001254,A002068,S001032,3015.4,0.0163,12,2024-07-19,CLOSED
L001255,A002069,S000123,3066.92,0.0139,12,2024-05-04,CLOSED
L001256,A002071,S000400,830.19,0.027,9,2024-11-28,DEFAULT
L001257,A002073,S000899,1495.47,0.0466,12,2024-03-20,CLOSED
L001258,A002074,S000583,1712.85,0.0289,18,2024-06-03,ACTIVE
L001259,A002078,S000524,3365.29,0.022,12,2024-11-02,CLOSED
L001260,A002079,S001028,2042.45,0.019,12,2024-04-02,ACTIVE
L001261,A002081,S000132,801.13,0.0202,6,2024-07-28,CLOSED
L001262,A002082,S001138,1322.88,0.0231,9,2024-07-01,ACTIVE
L001263,A002084,S001221,3203.55,0.0206,3,2024-04-22,CLOSED
L001264,A002086,S000855,860.44,0.0243,12,2024-07-04,ACTIVE
L001265,A002087,S001777,2925.88,0.0313,12,2024-12-13,ACTIVE
L001266,A002089,S001567,1158.43,0.0397,6,2024-05-09,DEFAULT
L001267,A002090,S001500,5241.55,0.034,12,2024-07-07,CLOSED
L001268,A002091,S000976,3610.99,0.0259,18,2024-11-22,ACTIVE
L001269,A002093,S001128,2568.71,0.0313,3,2024-09-03,ACTIVE
L001270,A002095,S001723,1141.79,0.0211,12,2024-02-18,ACTIVE
L001271,A002098,S001037,1438.62,0.0274,24,2024-03-23,CLOSED
L001272,A002100,S000974,1103.93,0.0283,6,2024-02-12,CLOSED
L001273,A002102,S000968,1594.33,0.0339,12,2024-09-09,ACTIVE
L001274,A002105,S000799,1703.43,0.021,3,2024-02-18,CLOSED
L001275,A002106,S000584,6964.2,0.0221,6,2024-02-17,ACTIVE
L001276,A002107,S000512,1904.16,0.0159,12,2024-05-16,ACTIVE
L001277,A002108,S001442,2011.05,0.025,9,2024-05-30,ACTIVE
L001278,A002109,S001151,1640.1,0.0185,9,2024-04-14,CLOSED
L001279,A002110,S001760,2205.68,0.0183,6,2024-07-14,ACTIVE
L001280,A002111,S001276,1542.99,0.0266,9,2024-09-27,ACTIVE
L001281,A002112,S001099,2842.24,0.0231,18,2024-09-27,CLOSED
L001282,A002113,S001768,2044.15,0.0281,12,2024-11-14,ACTIVE
L001283,A002115,S001239,6745.59,0.0322,6,2024-10-24,DEFAULT
L001284,A002116,S000651,3236.89,0.0355,6,2025-01-31,ACTIVE
L001285,A002117,S000956,1390.13,0.017,9,2024-03-03,ACTIVE
L001286,A002119,S000204,5439.51,0.0478,12,2024-07-06,DEFAULT
L001287,A002120,S000486,1696.8,0.0192,3,2024-06-14,CLOSED
L001288,A002121,S000575,3212.66,0.0288,24,2024-12-05,CLOSED
L001289,A002123,S000849,1945.75,0.0278,6,2024-12-02,CLOSED
L001290,A002126,S001095,2868.6,0.0292,12,2024-05-30,CLOSED
L001291,A002127,S000387,1955.02,0.0375,9,2025-01-24,DEFAULT
L001292,A002128,S001789,830.97,0.0295,9,2024-07-05,CLOSED
L001293,A002129,S000163,2420.19,0.0381,18,2024-07-22,DEFAULT
L001294,A002130,S000370,4657.75,0.028,9,2024-12-13,ACTIVE
L001295,A002132,S001389,1160.76,0.0261,6,2024-05-08,ACTIVE
L001296,A002135,S001658,2770.12,0.02,3,2024-03-01,CLOSED
L001297,A002138,S001282,2469.5,0.0281,6,2024-09-15,DEFAULT
L001298,A002139,S000139,1246.58,0.0197,6,2024-11-03,ACTIVE
L001299,A002142,S001736,7362.89,0.0371,6,2024-11-19,CLOSED
L001300,A002145,S000967,1273.56,0.0414,3,2024-07-13,ACTIVE
L001301,A002146,S001136,1422.24,0.0137,18,2024-02-27,ACTIVE
L001302,A002147,S001242,1352.63,0.0194,12,2024-08-31,CLOSED
L001303,A002154,S001518,6976.84,0.0486,9,2024-04-21,CLOSED
L001304,A002155,S001765,4886.17,0.0324,12,2024-12-02,ACTIVE
L001305,A002156,S000933,4526.69,0.0231,6,2024-12-23,CLOSED
L001306,A002159,S001191,1850.03,0.0176,24,2024-06-17,CLOSED
L001307,A002160,S001684,1132.1,0.0419,3,2025-01-13,CLOSED
L001308,A002161,S001591,2728.13,0.039,12,2024-10-11,DEFAULT
L001309,A002162,S000918,4824.91,0.0317,6,2024-05-08,ACTIVE
L001310,A002164,S001560,1179.5,0.0173,6,2024-11-17,ACTIVE
L001311,A002165,S001733,2518.71,0.0188,12,2024-05-25,ACTIVE
L001312,A002166,S001659,2259.8,0.0227,24,2024-02-29,ACTIVE
L001313,A002167,S000238,5700.01,0.0345,6,2024-04-23,ACTIVE
L001314,A002168,S000676,2400.49,0.0188,3,2024-10-27,CLOSED
L001315,A002171,S000094,5533.87,0.0364,12,2024-03-14,CLOSED
L001316,A002172,S000509,2723.74,0.0248,9,2024-06-30,DEFAULT
L001317,A002175,S000734,3225.23,0.0443,6,2024-09-30,CLOSED
L001318,A002176,S000203,1136.32,0.0254,9,2025-01-28,ACTIVE
L001319,A002178,S001137,2687.11,0.028,9,2024-10-19,ACTIVE
L001320,A002179,S000306,5111.13,0.0277,6,2024-04-15,ACTIVE
L001321,A002180,S001693,831.15,0.0251,6,2024-04-14,ACTIVE
L001322,A002182,S000653,2203.23,0.0213,24,2024-08-26,ACTIVE
L001323,A002184,S001351,833.88,0.0303,12,2024-09-05,CLOSED
L001324,A002185,S001404,6150.3,0.0421,12,2024-08-05,DEFAULT
L001325,A002186,S001459,2724.2,0.029,9,2024-07-10,ACTIVE
L001326,A002188,S000888,3435.66,0.0249,12,2024-09-17,CLOSED
L001327,A002190,S000894,7408.99,0.0493,18,2024-09-26,CLOSED
L001328,A002191,S000502,2867.52,0.0278,9,2024-10-21,CLOSED
L001329,A002192,S000919,1424.29,0.0153,12,2024-12-26,CLOSED
L001330,A002193,S001451,748.77,0.0203,9,2024-11-28,ACTIVE
L001331,A002195,S000432,3009.12,0.0182,12,2024-07-27,ACTIVE
L001332,A002199,S000676,2563.85,0.0068,12,2024-03-08,CLOSED
L001333,A002202,S000871,4843.75,0.0421,12,2024-10-05,CLOSED
L001334,A002203,S000839,1255.08,0.0309,12,2024-10-17,ACTIVE
L001335,A002204,S000176,7845.81,0.0505,12,2024-10-19,ACTIVE
L001336,A002206,S001709,2714.05,0.0151,24,2024-02-12,ACTIVE
L001337,A002207,S000863,4729.53,0.0313,6,2025-01-25,DEFAULT
L001338,A002209,S000699,838.34,0.015,12,2024-09-18,CLOSED
L001339,A002212,S000981,1872.09,0.0256,24,2024-04-22,CLOSED
L001340,A002214,S000545,2628.03,0.0244,18,2024-11-07,CLOSED
L001341,A002215,S000404,3729.32,0.0418,3,2025-01-04,DEFAULT
L001342,A002216,S000560,1358.44,0.0299,24,2024-06-20,DEFAULT
L001343,A002217,S000126,7349.39,0.0343,12,2024-10-22,DEFAULT
L001344,A002219,S001216,3420.19,0.0157,9,2024-03-15,ACTIVE
L001345,A002222,S000774,5356.25,0.0362,18,2024-06-06,CLOSED
L001346,A002224,S001726,6909.72,0.0342,6,2024-10-17,ACTIVE
L001347,A002225,S000141,1489.03,0.0099,9,2024-10-24,ACTIVE
L001348,A002226,S000414,2272.51,0.0325,3,2024-02-05,CLOSED
L001349,A002227,S000958,2877.39,0.0365,6,2024-05-15,ACTIVE
L001350,A002228,S001134,795.17,0.0288,6,2024-08-20,CLOSED
L001351,A002229,S000674,1828.2,0.0329,6,2024-05-30,ACTIVE
L001352,A002230,S000912,748.06,0.0193,6,2024-04-03,ACTIVE
L001353,A002231,S000271,4882.78,0.0172,3,2024-12-01,CLOSED
L001354,A002232,S001199,4209.05,0.0279,18,2024-12-08,DEFAULT
L001355,A002234,S000537,2295.26,0.0207,3,2024-09-15,DEFAULT
L001356,A002235,S000835,3968.32,0.0292,6,2024-12-09,DEFAULT
L001357,A002236,S001597,1222.56,0.0232,12,2024-07-08,CLOSED
L001358,A002237,S001671,1440.13,0.0183,9,2024-09-30,ACTIVE
L001359,A002238,S001319,2192.87,0.0236,9,2024-02-23,CLOSED
L001360,A002242,S000163,4631.95,0.0415,9,2024-07-10,ACTIVE
L001361,A002244,S000286,1938.16,0.0226,9,2024-07-21,DEFAULT
L001362,A002245,S000276,4469.32,0.0261,6,2024-09-21,CLOSED
L001363,A002246,S000240,784.67,0.0243,6,2024-08-25,CLOSED
L001364,A002247,S001086,2723.82,0.0193,18,2024-09-04,ACTIVE
L001365,A002250,S001110,3011.0,0.0326,9,2024-06-25,DEFAULT
L001366,A002251,S000377,2321.32,0.0292,24,2024-11-23,CLOSED
L001367,A002253,S001691,7807.53,0.0484,18,2024-11-25,DEFAULT
L001368,A002261,S000279,914.45,0.0253,9,2024-06-06,CLOSED
L001369,A002264,S001077,2924.61,0.0405,3,2024-11-29,DEFAULT
L001370,A002265,S001785,5542.79,0.0331,6,2024-02-25,ACTIVE
L001371,A002267,S000328,1521.96,0.0256,6,2024-09-09,CLOSED
L001372,A002268,S000995,731.17,0.0424,18,2024-05-02,ACTIVE
L001373,A002269,S001586,1293.62,0.0203,18,2024-03-15,ACTIVE
L001374,A002270,S001578,1978.72,0.0209,9,2024-03-11,CLOSED
L001375,A002271,S000442,2398.91,0.0444,3,2024-02-15,ACTIVE
L001376,A002272,S001667,5298.7,0.049,12,2024-05-27,ACTIVE
L001377,A002274,S001539,6990.16,0.0448,18,2024-06-27,CLOSED
L001378,A002277,S000874,1955.88,0.0198,6,2024-06-22,CLOSED
L001379,A002279,S000594,2028.12,0.0229,24,2024-03-30,ACTIVE
L001380,A002281,S000556,2152.23,0.0199,9,2024-09-10,ACTIVE
L001381,A002282,S001107,884.87,0.0232,12,2024-04-21,ACTIVE
L001382,A002283,S000936,2774.4,0.0271,12,2024-02-22,CLOSED
L001383,A002284,S000534,779.37,0.0161,18,2024-04-30,ACTIVE
L001384,A002286,S000227,2488.59,0.0321,18,2024-08-16,ACTIVE
L001385,A002288,S000557,1645.0,0.0203,12,2024-12-27,CLOSED
L001386,A002289,S001149,1188.89,0.0248,3,2024-08-12,ACTIVE
L001387,A002290,S000437,7403.95,0.0147,12,2024-04-29,DEFAULT
L001388,A002291,S000558,851.41,0.0387,12,2024-02-06,ACTIVE
L001389,A002292,S000636,2299.85,0.0293,3,2025-01-14,CLOSED
L001390,A002293,S001348,5206.05,0.0227,12,2024-07-14,CLOSED
L001391,A002296,S000904,3442.45,0.0173,12,2024-03-17,CLOSED
L001392,A002297,S000785,2831.1,0.0394,24,2024-11-01,ACTIVE
L001393,A002298,S000090,5170.75,0.0303,3,2024-11-14,CLOSED
L001394,A002299,S000372,2371.24,0.0199,9,2024-06-05,CLOSED
L001395,A002301,S001308,2129.59,0.027,9,2025-01-21,CLOSED
L001396,A002302,S000987,2679.21,0.0178,18,2024-05-12,ACTIVE
L001397,A002304,S001161,2025.79,0.0234,6,2024-11-22,CLOSED
L001398,A002305,S000208,1335.98,0.037,12,2025-01-25,CLOSED
L001399,A002306,S000698,3335.67,0.0321,18,2024-02-27,ACTIVE
L001400,A002307,S000743,2909.75,0.023,12,2024-07-03,ACTIVE
L001401,A002309,S001552,2555.29,0.0134,9,2024-10-20,CLOSED
L001402,A002310,S000376,1917.5,0.0258,6,2024-07-01,DEFAULT
L001403,A002311,S001399,2835.18,0.02,18,2024-03-31,CLOSED
L001404,A002314,S000822,2442.54,0.0124,24,2025-01-25,ACTIVE
L001405,A002315,S000037,2213.52,0.0229,9,2024-09-04,ACTIVE
L001406,A002317,S001005,3087.79,0.0167,24,2024-03-09,ACTIVE
L001407,A002320,S001403,2463.65,0.0315,6,2024-03-08,ACTIVE
L001408,A002321,S001152,1276.51,0.0257,9,2024-11-14,ACTIVE
L001409,A002322,S000262,2496.78,0.0317,6,2024-03-05,CLOSED
L001410,A002323,S000819,1488.64,0.012,6,2024-02-24,CLOSED
L001411,A002327,S000975,1721.29,0.019,12,2024-04-28,CLOSED
L001412,A002328,S001681,752.04,0.0151,3,2025-01-23,CLOSED
L001413,A002330,S000742,2270.42,0.0359,6,2024-11-30,CLOSED
L001414,A002331,S001363,1175.73,0.026,12,2024-09-18,DEFAULT
L001415,A002332,S001123,3739.94,0.0254,3,2024-03-19,ACTIVE
L001416,A002333,S000310,2515.55,0.0336,18,2024-10-06,CLOSED
L001417,A002338,S000345,1202.83,0.0218,6,2024-04-19,ACTIVE
L001418,A002342,S000570,4520.76,0.0294,9,2024-02-24,ACTIVE
L001419,A002344,S000458,4853.45,0.0252,6,2024-08-16,DEFAULT
L001420,A002346,S000518,2579.17,0.0221,18,2024-05-25,CLOSED
L001421,A002347,S001353,1454.01,0.0396,6,2024-02-22,ACTIVE
L001422,A002348,S001489,2963.69,0.0343,9,2024-05-20,CLOSED
L001423,A002349,S000655,1667.22,0.023,6,2024-04-11,CLOSED
L001424,A002350,S001215,3343.2,0.0442,12,2024-04-15,CLOSED
L001425,A002351,S000586,1348.78,0.0196,12,2024-04-29,CLOSED
L001426,A002352,S001757,3172.14,0.0414,9,2024-09-04,DEFAULT
L001427,A002354,S001028,4403.49,0.0336,9,2024-12-25,CLOSED
L001428,A002356,S000325,2828.93,0.0379,12,2024-02-23,CLOSED
L001429,A002357,S001584,2614.39,0.0211,3,2025-01-17,CLOSED
L001430,A002358,S001377,3418.44,0.0379,24,2024-04-10,ACTIVE
L001431,A002359,S000308,1216.93,0.0162,9,2024-07-19,CLOSED
L001432,A002365,S001643,5043.0,0.0163,6,2024-03-14,ACTIVE
L001433,A002366,S001497,3986.91,0.0215,6,2024-03-14,ACTIVE
L001434,A002367,S001472,1137.91,0.033,9,2025-01-29,DEFAULT
L001435,A002368,S000294,5234.9,0.0325,18,2025-01-03,CLOSED
L001436,A002370,S001228,4390.66,0.0229,9,2024-05-26,ACTIVE
L001437,A002371,S000730,3811.12,0.029,12,2024-10-10,CLOSED
L001438,A002372,S000759,5449.97,0.0332,12,2024-10-20,CLOSED
L001439,A002373,S001426,1340.54,0.0327,6,2024-04-17,ACTIVE
L001440,A002375,S001206,885.17,0.0214,24,2024-06-14,CLOSED
L001441,A002378,S001252,8665.65,0.0404,9,2024-09-14,DEFAULT
L001442,A002380,S000565,775.91,0.0299,6,2024-07-25,DEFAULT
L001443,A002381,S000553,1355.84,0.0226,12,2024-12-01,CLOSED
L001444,A002386,S000386,2749.62,0.0348,12,2024-05-29,DEFAULT
L001445,A002388,S001092,1248.85,0.0162,6,2024-10-06,ACTIVE
L001446,A002389,S001380,2734.16,0.0312,3,2025-01-19,ACTIVE
L001447,A002390,S000917,2540.36,0.0221,6,2024-05-23,CLOSED
L001448,A002391,S001009,1592.76,0.0321,12,2024-03-19,DEFAULT
L001449,A002393,S000157,2376.55,0.0294,6,2024-08-18,ACTIVE
L001450,A002394,S000676,1477.52,0.0198,6,2024-04-15,ACTIVE
L001451,A002397,S001521,3714.43,0.015,18,2024-09-15,ACTIVE
L001452,A002399,S000726,1646.31,0.0505,9,2024-10-03,DEFAULT
L001453,A000319,S000545,4200.88,0.0261,9,2024-04-17,ACTIVE
L001454,A002365,S001643,5043.0,0.022,6,2024-03-14,ACTIVE
L001455,A002234,S000537,2295.26,0.0373,3,2024-09-15,ACTIVE
L001456,A000356,S000954,2183.55,0.0346,12,2024-05-19,DEFAULT
L001457,A002016,S000193,2047.63,0.0399,18,2024-11-10,ACTIVE
L001458,A001168,S001085,6064.93,0.0293,9,2024-12-21,CLOSED
L001459,A001298,S001061,7255.22,0.0171,9,2024-08-27,CLOSED
L001460,A000903,S000967,6938.39,0.0432,6,2024-05-15,CLOSED
L001461,A000627,S001564,874.02,0.0248,9,2024-11-24,ACTIVE
L001462,A000783,S000632,7374.42,0.0436,12,2024-08-10,ACTIVE
L001463,A001133,S000466,2079.81,0.0207,12,2024-04-04,CLOSED
L001464,A002336,S001014,1316.69,0.0199,6,2024-04-10,CLOSED
L001465,A001756,S000415,5159.36,0.0289,6,2025-01-30,ACTIVE
L001466,A001827,S000925,2673.89,0.0501,9,2024-10-24,DEFAULT
L001467,A000493,S000534,1169.48,0.026,6,2024-09-14,ACTIVE
L001468,A001124,S001447,5487.35,0.0313,12,2024-04-05,DEFAULT
L001469,A001728,S000753,5932.32,0.0181,24,2024-05-23,CLOSED
L001470,A001922,S001020,3268.67,0.029,9,2024-06-24,ACTIVE
L001471,A001888,S001697,5151.15,0.0325,12,2024-10-07,ACTIVE
L001472,A001651,S000123,1467.34,0.0246,12,2024-07-18,CLOSED
L001473,A001353,S000308,2912.42,0.017,6,2024-12-30,ACTIVE
L001474,A001337,S000583,3817.03,0.0318,9,2024-10-15,CLOSED
L001475,A001068,S000188,848.0,0.0256,3,2025-01-26,CLOSED
L001476,A001886,S000706,1655.47,0.019,12,2024-05-01,ACTIVE
L001477,A001162,S001680,8148.69,0.0446,12,2024-10-14,DEFAULT
