loan_id,student_id,missed_payments,late_days_sum,defaulted,months_observed
L000001,S001666,0,9,0,25
L000002,S001086,0,6,0,25
L000003,S001073,0,19,0,25
L000004,S001101,0,0,0,25
L000005,S001657,1,13,0,25
L000006,S000735,1,14,0,25
L000007,S001375,0,23,0,25
L000008,S000524,0,13,0,25
L000009,S000743,4,43,1,25
L000010,S000020,0,19,0,8
L000011,S000312,0,10,0,25
L000012,S001072,1,0,0,25
L000013,S000696,0,0,0,25
L000014,S001610,0,0,0,25
L000015,S001430,0,27,0,25
L000016,S001394,0,0,0,25
L000017,S000514,0,4,0,25
L000018,S000265,0,11,0,25
L000019,S000164,1,21,0,25
L000020,S000243,4,108,1,25
L000021,S000234,0,8,0,25
L000022,S001166,0,2,0,25
L000023,S000864,0,0,0,25
L000024,S000182,0,0,0,25
L000025,S000707,0,7,0,25
L000026,S000796,0,8,0,25
L000027,S000772,5,137,1,25
L000028,S001787,2,17,0,25
L000029,S000780,0,0,0,7
L000030,S000134,0,5,0,25
L000031,S000557,0,0,0,25
L000032,S000336,0,0,0,25
L000033,S000551,3,177,1,25
L000034,S000245,1,14,0,25
L000035,S000784,6,105,1,9
L000036,S001641,0,13,0,25
L000037,S001156,0,3,0,25
L000038,S001487,4,107,1,25
L000039,S000233,1,6,0,25
L000040,S000142,0,0,0,4
L000041,S000565,6,140,1,4
L000042,S000719,4,97,1,25
L000043,S001264,0,8,0,25
L000044,S001623,0,7,0,25
L000045,S001664,0,0,0,25
L000046,S001632,0,11,0,25
L000047,S000631,0,13,0,25
L000048,S001020,0,6,0,25
L000049,S001051,0,19,0,25
L000050,S000291,0,3,0,25
L000051,S000872,3,127,1,25
L000052,S000546,0,0,0,25
L000053,S000823,0,0,0,6
L000054,S001421,0,22,0,25
L000055,S000001,4,124,1,25
L000056,S001217,3,40,1,25
L000057,S000307,0,14,0,25
L000058,S000476,5,28,1,25
L000059,S001327,6,72,1,25
L000060,S000389,0,10,0,25
L000061,S000877,0,25,0,25
L000062,S001364,6,92,1,25
L000063,S001367,0,16,0,25
L000064,S000157,0,1,0,25
L000065,S001696,0,12,0,25
L000066,S001387,0,13,0,25
L000067,S001414,0,0,0,25
L000068,S001526,0,0,0,25
L000069,S001678,0,25,0,25
L000070,S001320,4,82,1,8
L000071,S000495,0,22,0,25
L000072,S000338,0,13,0,25
L000073,S000727,6,116,1,25
L000074,S000457,0,0,0,25
L000075,S001020,1,31,0,25
L000076,S000275,2,8,0,7
L000077,S000242,0,28,0,8
L000078,S000057,0,20,0,7
L000079,S000176,0,0,0,25
L000080,S001313,6,120,1,25
L000081,S000942,0,24,0,8
L000082,S000499,0,22,0,25
L000083,S000073,1,0,0,25
L000084,S001182,2,120,1,25
L000085,S000923,1,5,0,25
L000086,S001079,0,19,0,25
L000087,S000666,0,0,0,25
L000088,S000664,3,64,1,5
L000089,S000086,0,0,0,25
L000090,S001368,0,0,0,25
L000091,S000483,0,8,0,5
L000092,S000362,0,6,0,25
L000093,S001703,0,3,0,9
L000094,S000258,2,22,0,25
L000095,S001647,1,3,0,4
L000096,S000025,0,0,0,25
L000097,S001480,0,15,0,25
L000098,S001014,0,28,0,25
L000099,S000201,0,8,0,25
L000100,S000485,0,26,0,25
L000101,S000077,0,17,0,25
L000102,S000483,0,6,0,5
L000103,S000400,0,4,0,25
L000104,S000484,0,1,0,25
L000105,S001762,1,13,0,25
L000106,S000877,1,0,0,25
L000107,S000313,0,11,0,25
L000108,S000793,2,11,0,25
L000109,S000003,0,5,0,4
L000110,S001243,0,13,0,25
L000111,S000198,0,6,0,25
L000112,S000891,0,27,0,25
L000113,S000774,0,9,0,25
L000114,S000739,0,1,0,25
L000115,S000329,0,9,0,25
L000116,S000093,0,2,0,25
L000117,S000672,0,0,0,25
L000118,S000054,0,9,0,25
L000119,S000989,0,10,0,25
L000120,S000087,1,5,0,25
L000121,S000524,0,0,0,25
L000122,S001061,0,0,0,25
L000123,S000949,1,25,0,25
L000124,S001371,0,9,0,25
L000125,S000204,0,0,0,25
L000126,S000956,0,19,0,25
L000127,S000737,0,10,0,25
L000128,S001657,0,20,0,25
L000129,S001510,0,23,0,25
L000130,S000246,0,0,0,7
L000131,S000598,0,0,0,25
L000132,S000592,0,0,0,25
L000133,S000005,0,6,0,25
L000134,S000603,0,11,0,25
L000135,S001497,0,21,0,25
L000136,S001332,1,0,0,25
L000137,S001529,1,19,0,5
L000138,S000103,0,11,0,25
L000139,S000995,1,0,0,25
L000140,S000207,5,75,1,25
L000141,S000557,3,166,1,25
L000142,S001322,1,0,0,25
L000143,S000095,3,120,1,25
L000144,S000127,0,2,0,25
L000145,S001688,0,10,0,25
L000146,S001300,3,14,1,25
L000147,S000255,0,7,0,25
L000148,S001208,0,12,0,25
L000149,S001290,2,4,0,25
L000150,S000502,0,24,0,25
L000151,S000613,0,6,0,25
L000152,S000611,0,0,0,8
L000153,S000590,0,12,0,25
L000154,S001271,6,33,1,25
L000155,S000851,4,84,1,25
L000156,S000766,0,4,0,25
L000157,S000921,0,20,0,25
L000158,S000082,0,6,0,25
L000159,S001306,0,15,0,25
L000160,S000166,2,63,1,5
L000161,S001606,6,118,1,25
L000162,S000319,0,0,0,25
L000163,S000966,0,9,0,25
L000164,S000193,0,0,0,25
L000165,S000826,0,0,0,25
L000166,S000023,4,45,1,25
L000167,S001766,0,23,0,25
L000168,S001112,6,111,1,25
L000169,S000136,3,56,1,25
L000170,S000288,0,21,0,6
L000171,S000112,5,81,1,25
L000172,S001221,0,13,0,25
L000173,S001274,2,11,0,25
L000174,S000544,1,9,0,25
L000175,S001056,6,102,1,25
L000176,S001214,5,121,1,25
L000177,S001756,0,18,0,25
L000178,S001365,0,10,0,7
L000179,S001773,0,8,0,25
L000180,S000333,0,24,0,25
L000181,S000278,6,56,1,25
L000182,S000725,0,11,0,25
L000183,S001282,0,6,0,25
L000184,S001783,1,0,0,25
L000185,S000606,2,7,0,25
L000186,S001013,1,18,0,25
L000187,S000007,0,0,0,25
L000188,S000033,0,9,0,25
L000189,S001776,5,102,1,25
L000190,S001214,0,6,0,25
L000191,S000545,0,0,0,25
L000192,S000185,0,3,0,25
L000193,S000905,0,9,0,25
L000194,S000427,0,2,0,5
L000195,S000393,0,2,0,25
L000196,S000124,0,14,0,25
L000197,S000046,0,0,0,25
L000198,S000765,0,0,0,25
L000199,S001555,0,6,0,25
L000200,S000606,0,14,0,25
L000201,S001027,5,142,1,25
L000202,S001617,0,0,0,25
L000203,S001274,0,14,0,25
L000204,S001141,0,3,0,8
L000205,S000177,0,14,0,25
L000206,S000856,4,65,1,25
L000207,S001556,0,12,0,25
L000208,S001288,0,19,0,25
L000209,S001414,0,5,0,25
L000210,S000925,2,47,1,25
L000211,S000178,0,20,0,25
L000212,S001617,0,0,0,25
L000213,S000954,0,13,0,25
L000214,S001068,0,17,0,25
L000215,S001443,0,12,0,25
L000216,S001017,1,0,0,25
L000217,S000914,0,4,0,25
L000218,S000569,0,1,0,25
L000219,S001651,1,18,0,25
L000220,S000535,0,23,0,25
L000221,S000030,0,7,0,25
L000222,S000261,1,4,0,8
L000223,S000728,0,28,0,8
L000224,S000148,0,0,0,25
L000225,S001634,0,8,0,25
L000226,S001041,0,0,0,25
L000227,S000354,4,87,1,8
L000228,S001179,0,1,0,25
L000229,S000741,0,12,0,25
L000230,S000164,0,0,0,25
L000231,S001350,0,12,0,25
L000232,S000570,0,4,0,25
L000233,S000561,0,6,0,5
L000234,S001769,0,1,0,7
L000235,S001556,0,2,0,25
L000236,S000397,0,0,0,25
L000237,S000694,0,6,0,5
L000238,S000151,0,0,0,25
L000239,S000793,0,16,0,25
L000240,S001574,0,0,0,25
L000241,S000233,0,11,0,25
L000242,S000623,0,0,0,25
L000243,S000356,0,7,0,25
L000244,S001244,4,109,1,25
L000245,S000203,0,3,0,25
L000246,S001063,0,4,0,25
L000247,S001362,0,1,0,25
L000248,S001576,0,11,0,25
L000249,S001559,0,25,0,25
L000250,S000220,0,5,0,25
L000251,S000077,5,159,1,25
L000252,S000949,0,22,0,25
L000253,S000873,0,0,0,25
L000254,S001425,0,13,0,25
L000255,S000216,0,0,0,25
L000256,S000046,0,0,0,25
L000257,S001072,0,0,0,25
L000258,S000683,0,0,0,25
L000259,S000138,0,0,0,5
L000260,S000888,0,0,0,25
L000261,S000882,5,72,1,7
L000262,S001096,2,0,0,25
L000263,S001128,0,16,0,25
L000264,S000959,1,8,0,25
L000265,S000591,0,0,0,25
L000266,S000818,0,0,0,25
L000267,S001771,0,17,0,25
L000268,S000939,4,58,1,25
L000269,S000780,0,11,0,7
L000270,S000378,0,7,0,25
L000271,S000403,0,10,0,25
L000272,S000946,1,15,0,25
L000273,S001666,5,79,1,25
L000274,S001253,0,6,0,25
L000275,S000045,6,85,1,25
L000276,S001121,0,0,0,25
L000277,S000135,0,0,0,25
L000278,S001500,0,18,0,25
L000279,S000128,0,13,0,25
L000280,S000091,0,0,0,25
L000281,S001689,1,22,0,25
L000282,S001176,0,10,0,25
L000283,S001796,3,170,1,7
L000284,S000296,0,20,0,25
L000285,S001606,0,9,0,25
L000286,S000416,0,11,0,25
L000287,S000244,1,0,0,25
L000288,S001126,0,0,0,25
L000289,S000372,0,3,0,25
L000290,S000900,2,6,0,25
L000291,S000886,0,11,0,25
L000292,S000562,3,13,1,8
L000293,S001020,0,0,0,25
L000294,S000496,4,77,1,25
L000295,S000767,5,12,1,25
L000296,S000125,5,94,1,4
L000297,S001058,1,13,0,25
L000298,S001149,0,0,0,25
L000299,S000534,0,22,0,25
L000300,S001412,0,0,0,6
L000301,S001196,0,6,0,25
L000302,S001475,0,4,0,5
L000303,S001421,0,10,0,25
L000304,S000300,0,15,0,25
L000305,S001494,1,8,0,25
L000306,S001141,4,42,1,8
L000307,S001185,0,15,0,25
L000308,S000648,0,0,0,7
L000309,S001406,0,1,0,25
L000310,S000581,1,9,0,25
L000311,S001662,0,0,0,25
L000312,S000440,0,13,0,25
L000313,S000073,0,14,0,25
L000314,S001686,0,22,0,25
L000315,S000302,0,5,0,25
L000316,S001767,0,10,0,25
L000317,S001603,0,12,0,25
L000318,S000271,1,27,0,25
L000319,S000734,1,16,0,8
L000320,S001116,0,11,0,25
L000321,S001062,2,85,1,25
L000322,S000199,1,6,0,25
L000323,S000574,0,17,0,25
L000324,S001437,0,0,0,25
L000325,S000320,0,10,0,25
L000326,S000192,1,6,0,25
L000327,S000793,3,152,1,25
L000328,S000892,3,124,1,25
L000329,S000553,0,3,0,25
L000330,S001660,2,0,0,25
L000331,S001708,0,20,0,25
L000332,S001415,0,12,0,25
L000333,S000814,0,0,0,25
L000334,S001251,5,69,1,25
L000335,S000838,3,58,1,25
L000336,S000370,5,57,1,25
L000337,S000097,0,2,0,25
L000338,S001606,0,6,0,25
L000339,S001212,0,17,0,25
L000340,S000440,6,159,1,25
L000341,S000585,0,3,0,25
L000342,S001450,0,15,0,25
L000343,S001571,0,0,0,6
L000344,S001601,0,0,0,9
L000345,S001383,0,21,0,25
L000346,S001765,0,0,0,25
L000347,S000633,0,23,0,5
L000348,S000036,0,17,0,25
L000349,S000590,5,50,1,25
L000350,S000151,0,1,0,25
L000351,S001367,0,0,0,25
L000352,S001747,0,30,0,7
L000353,S000895,0,0,0,25
L000354,S001742,1,1,0,25
L000355,S000293,0,16,0,25
L000356,S000853,0,0,0,25
L000357,S000263,4,155,1,25
L000358,S001424,0,22,0,25
L000359,S001171,0,31,0,25
L000360,S000540,2,0,0,25
L000361,S000631,6,110,1,25
L000362,S000447,0,6,0,25
L000363,S001667,4,49,1,8
L000364,S001012,0,1,0,25
L000365,S001255,2,0,0,25
L000366,S000560,0,14,0,25
L000367,S000829,0,0,0,25
L000368,S001648,0,7,0,25
L000369,S001439,0,17,0,25
L000370,S000025,0,18,0,25
L000371,S001595,0,6,0,25
L000372,S000867,1,21,0,25
L000373,S001478,0,0,0,25
L000374,S001300,0,0,0,25
L000375,S000582,0,16,0,25
L000376,S000394,4,112,1,25
L000377,S001564,4,168,1,25
L000378,S000118,1,30,0,25
L000379,S000176,5,112,1,25
L000380,S000986,0,1,0,25
L000381,S001269,0,0,0,25
L000382,S000680,1,4,0,25
L000383,S000564,0,3,0,25
L000384,S001200,6,65,1,5
L000385,S001175,0,8,0,25
L000386,S001731,0,12,0,8
L000387,S000144,0,0,0,9
L000388,S000661,0,10,0,25
L000389,S001118,0,0,0,25
L000390,S000964,1,5,0,25
L000391,S000266,0,25,0,25
L000392,S001693,0,0,0,8
L000393,S000249,1,7,0,25
L000394,S001686,0,0,0,25
L000395,S000248,0,15,0,25
L000396,S001771,0,22,0,25
L000397,S000837,4,69,1,4
L000398,S000251,0,1,0,25
L000399,S001706,0,2,0,5
L000400,S000717,1,0,0,25
L000401,S000743,1,7,0,25
L000402,S000459,4,104,1,25
L000403,S000220,0,9,0,25
L000404,S001646,0,0,0,25
L000405,S001480,0,3,0,25
L000406,S000636,0,0,0,25
L000407,S000796,0,4,0,25
L000408,S001650,0,0,0,25
L000409,S000566,0,15,0,25
L000410,S000030,0,34,0,25
L000411,S000158,0,0,0,8
L000412,S000269,0,9,0,4
L000413,S000564,5,73,1,25
L000414,S000528,0,0,0,25
L000415,S000451,0,3,0,25
L000416,S000127,1,24,0,25
L000417,S001057,0,14,0,25
L000418,S001742,4,84,1,25
L000419,S000483,0,0,0,5
L000420,S000718,2,95,1,25
L000421,S001380,0,0,0,25
L000422,S000291,0,28,0,25
L000423,S000535,0,15,0,25
L000424,S001037,0,21,0,25
L000425,S000698,0,0,0,25
L000426,S001249,0,0,0,25
L000427,S001159,0,5,0,25
L000428,S001378,0,0,0,25
L000429,S001629,0,4,0,25
L000430,S000828,0,3,0,25
L000431,S000438,0,18,0,25
L000432,S001534,0,4,0,25
L000433,S001183,4,76,1,25
L000434,S001003,0,11,0,25
L000435,S000163,6,117,1,6
L000436,S000404,0,0,0,7
L000437,S001245,5,83,1,25
L000438,S001266,0,0,0,25
L000439,S000331,6,38,1,25
L000440,S001049,0,13,0,6
L000441,S000754,3,84,1,25
L000442,S000625,6,132,1,25
L000443,S001071,3,74,1,25
L000444,S000550,0,19,0,6
L000445,S000268,0,7,0,25
L000446,S001587,0,15,0,25
L000447,S001059,0,0,0,25
L000448,S000508,0,12,0,25
L000449,S001365,0,19,0,7
L000450,S000798,1,15,0,25
L000451,S000297,6,20,1,25
L000452,S001112,6,0,1,25
L000453,S001271,5,114,1,25
L000454,S000965,3,86,1,25
L000455,S001360,0,3,0,25
L000456,S001719,1,1,0,25
L000457,S001033,0,9,0,25
L000458,S000739,0,4,0,25
L000459,S001058,0,12,0,25
L000460,S001502,0,17,0,25
L000461,S000166,1,18,0,5
L000462,S001278,0,17,0,25
L000463,S000227,0,14,0,25
L000464,S000818,0,9,0,25
L000465,S000913,0,11,0,25
L000466,S000581,2,21,1,25
L000467,S000916,0,11,0,25
L000468,S000181,4,128,1,4
L000469,S000226,0,0,0,7
L000470,S000723,0,21,0,25
L000471,S000274,0,1,0,25
L000472,S000906,1,0,0,25
L000473,S000188,0,23,0,25
L000474,S001776,0,0,0,25
L000475,S000764,2,16,0,7
L000476,S000446,2,0,0,7
L000477,S000049,0,1,0,25
L000478,S000334,3,116,1,8
L000479,S001501,0,15,0,25
L000480,S001579,0,6,0,25
L000481,S001349,0,3,0,25
L000482,S001354,0,0,0,25
L000483,S000886,0,6,0,25
L000484,S000065,1,3,0,25
L000485,S001160,0,18,0,9
L000486,S001366,0,8,0,8
L000487,S000644,0,12,0,6
L000488,S000320,0,9,0,25
L000489,S001292,2,18,0,25
L000490,S000581,0,0,0,25
L000491,S000644,0,8,0,6
L000492,S000324,3,80,1,25
L000493,S001486,0,1,0,25
L000494,S000227,4,35,1,25
L000495,S001154,0,25,0,25
L000496,S000059,0,24,0,6
L000497,S001529,0,17,0,5
L000498,S000105,0,14,0,25
L000499,S001628,5,126,1,25
L000500,S001220,0,4,0,25
L000501,S001701,0,9,0,25
L000502,S000259,0,12,0,4
L000503,S000421,0,9,0,25
L000504,S000436,0,19,0,25
L000505,S001283,1,13,0,25
L000506,S001395,0,8,0,25
L000507,S000529,4,148,1,25
L000508,S000684,0,10,0,25
L000509,S000680,0,36,0,25
L000510,S000382,0,18,0,25
L000511,S000961,1,1,0,25
L000512,S000855,2,4,0,25
L000513,S001798,2,77,1,7
L000514,S001562,0,23,0,25
L000515,S001631,0,0,0,25
L000516,S000924,0,3,0,7
L000517,S001535,0,4,0,25
L000518,S000548,0,0,0,25
L000519,S000104,0,4,0,25
L000520,S000969,0,11,0,25
L000521,S001311,0,16,0,25
L000522,S000469,0,4,0,25
L000523,S000218,0,6,0,4
L000524,S001290,1,0,0,25
L000525,S000742,0,8,0,25
L000526,S000470,0,14,0,25
L000527,S001336,0,16,0,25
L000528,S001574,1,13,0,25
L000529,S001548,0,0,0,25
L000530,S001704,0,27,0,25
L000531,S000866,1,11,0,25
L000532,S001608,0,0,0,25
L000533,S001000,1,0,0,9
L000534,S001347,0,15,0,25
L000535,S000787,2,20,0,25
L000536,S001458,0,16,0,25
L000537,S000470,0,0,0,25
L000538,S001351,2,9,0,9
L000539,S000084,0,0,0,25
L000540,S000658,5,104,1,25
L000541,S000888,0,1,0,25
L000542,S001334,0,0,0,25
L000543,S000509,0,0,0,25
L000544,S000602,0,26,0,25
L000545,S000284,0,0,0,25
L000546,S001160,0,7,0,9
L000547,S000672,2,18,0,25
L000548,S001740,1,0,0,25
L000549,S000550,0,0,0,6
L000550,S001046,0,5,0,25
L000551,S001269,0,0,0,25
L000552,S001364,0,0,0,25
L000553,S001158,0,0,0,25
L000554,S000500,0,0,0,25
L000555,S000674,0,0,0,25
L000556,S000538,1,14,0,25
L000557,S001474,3,110,1,25
L000558,S000984,0,23,0,6
L000559,S000235,0,20,0,25
L000560,S000307,0,13,0,25
L000561,S001720,2,0,0,25
L000562,S001040,0,9,0,25
L000563,S001711,0,2,0,25
L000564,S000065,6,123,1,25
L000565,S000969,0,12,0,25
L000566,S000007,0,9,0,25
L000567,S000523,0,0,0,9
L000568,S001587,0,0,0,25
L000569,S000275,0,19,0,7
L000570,S000156,6,150,1,25
L000571,S001488,0,15,0,25
L000572,S000824,0,10,0,25
L000573,S001311,0,0,0,25
L000574,S000615,0,16,0,4
L000575,S001741,6,158,1,25
L000576,S001050,0,13,0,25
L000577,S001337,0,12,0,25
L000578,S001316,1,3,0,25
L000579,S000632,0,11,0,25
L000580,S000340,6,156,1,25
L000581,S000756,0,2,0,25
L000582,S001616,0,16,0,25
L000583,S000389,0,20,0,25
L000584,S001155,0,12,0,25
L000585,S001099,0,11,0,25
L000586,S000294,0,22,0,25
L000587,S001744,4,78,1,25
L000588,S001245,5,75,1,25
L000589,S000506,0,7,0,25
L000590,S001625,0,10,0,25
L000591,S001351,0,14,0,9
L000592,S000450,0,0,0,25
L000593,S000643,0,0,0,25
L000594,S000041,0,0,0,25
L000595,S001784,3,70,1,25
L000596,S001665,0,2,0,25
L000597,S001075,0,9,0,25
L000598,S000198,6,141,1,25
L000599,S000900,0,7,0,25
L000600,S000949,0,17,0,25
L000601,S000833,1,12,0,25
L000602,S001721,0,18,0,25
L000603,S001677,6,84,1,25
L000604,S000059,0,7,0,6
L000605,S000320,0,0,0,25
L000606,S000369,0,5,0,8
L000607,S000372,0,0,0,25
L000608,S000347,0,0,0,25
L000609,S000814,0,4,0,25
L000610,S001177,1,0,0,25
L000611,S001240,1,0,0,25
L000612,S000299,0,8,0,25
L000613,S000387,4,150,1,4
L000614,S001240,0,9,0,25
L000615,S000529,5,115,1,25
L000616,S001403,0,0,0,25
L000617,S000597,0,0,0,8
L000618,S000829,0,20,0,25
L000619,S000870,0,0,0,25
L000620,S001573,0,5,0,25
L000621,S000998,4,104,1,25
L000622,S000033,0,0,0,25
L000623,S000545,0,10,0,25
L000624,S000809,4,86,1,25
L000625,S001704,2,13,0,25
L000626,S000858,0,6,0,25
L000627,S001542,0,0,0,25
L000628,S001020,0,0,0,25
L000629,S001029,5,116,1,25
L000630,S000565,0,9,0,4
L000631,S000978,0,14,0,25
L000632,S001547,0,8,0,25
L000633,S000911,0,5,0,25
L000634,S000311,1,2,0,25
L000635,S000912,0,12,0,5
L000636,S000128,0,16,0,25
L000637,S001555,0,2,0,25
L000638,S001458,0,5,0,25
L000639,S000718,2,7,0,25
L000640,S001474,4,95,1,25
L000641,S000252,0,10,0,25
L000642,S000124,0,11,0,25
L000643,S001035,0,3,0,25
L000644,S001461,0,11,0,25
L000645,S001581,4,63,1,25
L000646,S001336,0,0,0,25
L000647,S000188,0,19,0,25
L000648,S000836,0,6,0,25
L000649,S000185,0,12,0,25
L000650,S000787,0,13,0,25
L000651,S001315,0,2,0,25
L000652,S000236,0,27,0,25
L000653,S001531,0,27,0,25
L000654,S000704,0,0,0,25
L000655,S001104,0,0,0,25
L000656,S000190,2,15,0,25
L000657,S000072,0,3,0,25
L000658,S001440,0,4,0,25
L000659,S001523,4,72,1,25
L000660,S001624,0,25,0,25
L000661,S001255,0,27,0,25
L000662,S001176,0,0,0,25
L000663,S000665,1,6,0,25
L000664,S001146,0,29,0,25
L000665,S001324,0,17,0,25
L000666,S001793,3,27,1,25
L000667,S001235,2,4,1,25
L000668,S000639,0,14,0,9
L000669,S000328,1,0,0,25
L000670,S001627,0,0,0,25
L000671,S001280,0,0,0,25
L000672,S001119,0,18,0,25
L000673,S001632,0,0,0,25
L000674,S000735,0,7,0,25
L000675,S000959,0,4,0,25
L000676,S000211,1,0,0,6
L000677,S001248,0,13,0,25
L000678,S000396,4,96,1,25
L000679,S001215,1,5,0,25
L000680,S000664,0,0,0,5
L000681,S000347,0,0,0,25
L000682,S000531,0,22,0,25
L000683,S001541,6,79,1,25
L000684,S000303,0,0,0,25
L000685,S001082,0,0,0,25
L000686,S001337,0,10,0,25
L000687,S000876,0,0,0,9
L000688,S000466,0,5,0,25
L000689,S001375,0,30,0,25
L000690,S000962,0,11,0,6
L000691,S000111,0,13,0,25
L000692,S000157,1,5,0,25
L000693,S000213,0,0,0,25
L000694,S001173,0,0,0,25
L000695,S000424,0,11,0,7
L000696,S001686,0,0,0,25
L000697,S001650,6,88,1,25
L000698,S001291,0,5,0,7
L000699,S001663,2,1,0,25
L000700,S000332,1,3,0,9
L000701,S000314,1,6,0,25
L000702,S001346,0,0,0,6
L000703,S000545,0,0,0,25
L000704,S001320,0,8,0,8
L000705,S000864,0,0,0,25
L000706,S000509,5,84,1,25
L000707,S001036,0,2,0,25
L000708,S000743,0,0,0,25
L000709,S001585,2,14,0,25
L000710,S000075,0,21,0,25
L000711,S001014,0,8,0,25
L000712,S000560,5,85,1,25
L000713,S001344,0,0,0,25
L000714,S001478,0,0,0,25
L000715,S000560,1,8,0,25
L000716,S000381,0,16,0,25
L000717,S000060,0,28,0,25
L000718,S000083,0,0,0,25
L000719,S000524,0,14,0,25
L000720,S001312,0,0,0,25
L000721,S001132,0,17,0,25
L000722,S000950,0,13,0,25
L000723,S001690,0,4,0,25
L000724,S001379,5,150,1,25
L000725,S000688,3,102,1,25
L000726,S000854,0,7,0,25
L000727,S001710,0,5,0,25
L000728,S000698,0,17,0,25
L000729,S000495,3,113,1,25
L000730,S001336,0,0,0,25
L000731,S000390,0,5,0,25
L000732,S001372,5,79,1,25
L000733,S000736,1,5,0,25
L000734,S001442,0,0,0,5
L000735,S000869,1,12,0,25
L000736,S001367,0,4,0,25
L000737,S000964,0,16,0,25
L000738,S000089,0,11,0,25
L000739,S000696,0,23,0,25
L000740,S000856,2,13,0,25
L000741,S001068,2,0,1,25
L000742,S000356,0,15,0,25
L000743,S000047,0,4,0,25
L000744,S000592,0,12,0,25
L000745,S001643,0,12,0,25
L000746,S001094,0,0,0,9
L000747,S001092,0,0,0,4
L000748,S000662,2,0,0,25
L000749,S000904,0,0,0,25
L000750,S000886,0,5,0,25
L000751,S001302,1,13,0,4
L000752,S001190,0,30,0,25
L000753,S001434,6,87,1,9
L000754,S000953,2,6,0,5
L000755,S000110,0,4,0,25
L000756,S001617,0,0,0,25
L000757,S000399,0,7,0,25
L000758,S001529,0,14,0,5
L000759,S000866,0,7,0,25
L000760,S000481,2,0,0,25
L000761,S001564,1,1,0,25
L000762,S001693,0,14,0,8
L000763,S000347,2,14,0,25
L000764,S000962,0,16,0,6
L000765,S000066,0,20,0,25
L000766,S000276,5,103,1,25
L000767,S000180,6,118,1,25
L000768,S000963,4,85,1,25
L000769,S001522,0,12,0,6
L000770,S001599,1,4,0,25
L000771,S000580,0,13,0,25
L000772,S001481,0,0,0,25
L000773,S000153,0,11,0,25
L000774,S001325,1,23,0,25
L000775,S001587,0,5,0,25
L000776,S001209,2,30,0,25
L000777,S001516,0,13,0,25
L000778,S000957,4,28,1,25
L000779,S000554,0,2,0,25
L000780,S000915,5,74,1,25
L000781,S001635,0,0,0,25
L000782,S000682,1,19,0,25
L000783,S001709,0,8,0,25
L000784,S000379,1,9,0,25
L000785,S001524,0,15,0,25
L000786,S000254,0,6,0,25
L000787,S001678,0,29,0,25
L000788,S000212,0,10,0,25
L000789,S000680,1,4,0,25
L000790,S001702,0,10,0,25
L000791,S000926,0,32,0,25
L000792,S000556,0,25,0,25
L000793,S000444,6,157,1,25
L000794,S000309,0,9,0,25
L000795,S000817,0,13,0,25
L000796,S000938,1,0,0,9
L000797,S000533,0,21,0,25
L000798,S000586,0,5,0,25
L000799,S001603,3,118,1,25
L000800,S000996,0,4,0,25
L000801,S001171,2,99,1,25
L000802,S001351,0,0,0,9
L000803,S000906,0,12,0,25
L000804,S001160,0,14,0,9
L000805,S001101,0,5,0,25
L000806,S000796,0,21,0,25
L000807,S001192,0,9,0,6
L000808,S001508,0,5,0,25
L000809,S001228,4,123,1,25
L000810,S000222,0,0,0,9
L000811,S000012,2,0,0,25
L000812,S000307,5,57,1,25
L000813,S000987,2,10,0,25
L000814,S000659,0,0,0,25
L000815,S001490,0,15,0,25
L000816,S001771,5,76,1,25
L000817,S000590,6,97,1,25
L000818,S001184,0,15,0,25
L000819,S000262,0,4,0,25
L000820,S000607,3,124,1,25
L000821,S001351,5,68,1,9
L000822,S000504,0,10,0,25
L000823,S001603,1,4,0,25
L000824,S000826,0,4,0,25
L000825,S000361,0,7,0,25
L000826,S001632,0,4,0,25
L000827,S000787,0,0,0,25
L000828,S000308,0,12,0,25
L000829,S001413,2,0,0,25
L000830,S000951,6,136,1,25
L000831,S000022,0,19,0,25
L000832,S000569,0,30,0,25
L000833,S001173,0,5,0,25
L000834,S001743,5,62,1,25
L000835,S000081,3,74,1,9
L000836,S000387,0,5,0,4
L000837,S000078,0,10,0,25
L000838,S000249,3,118,1,25
L000839,S000786,0,13,0,25
L000840,S000522,0,14,0,25
L000841,S000562,1,4,0,8
L000842,S001721,0,0,0,25
L000843,S000261,0,12,0,8
L000844,S000446,0,0,0,7
L000845,S000247,0,21,0,25
L000846,S000551,0,0,0,25
L000847,S000108,0,15,0,25
L000848,S001229,0,3,0,25
L000849,S000696,0,6,0,25
L000850,S001357,0,15,0,7
L000851,S001107,5,110,1,25
L000852,S000663,0,2,0,25
L000853,S001409,0,0,0,25
L000854,S001758,0,7,0,25
L000855,S001615,0,28,0,25
L000856,S000995,5,74,1,25
L000857,S000222,0,7,0,9
L000858,S001499,0,12,0,6
L000859,S001415,0,7,0,25
L000860,S000161,0,18,0,8
L000861,S001069,0,16,0,6
L000862,S000833,0,16,0,25
L000863,S000780,0,1,0,7
L000864,S001282,2,0,0,25
L000865,S000362,2,0,0,25
L000866,S001328,1,16,0,25
L000867,S000765,0,16,0,25
L000868,S000259,0,12,0,4
L000869,S000646,3,62,1,7
L000870,S001409,0,10,0,25
L000871,S000911,0,3,0,25
L000872,S000637,0,27,0,25
L000873,S000039,0,5,0,25
L000874,S000268,0,4,0,25
L000875,S000509,0,2,0,25
L000876,S001177,0,12,0,25
L000877,S001458,0,28,0,25
L000878,S001678,0,25,0,25
L000879,S000206,3,81,1,25
L000880,S001062,2,0,0,25
L000881,S000835,2,23,0,25
L000882,S001113,0,2,0,25
L000883,S000073,0,1,0,25
L000884,S000617,2,170,1,25
L000885,S000820,2,70,1,25
L000886,S000555,1,21,0,25
L000887,S000462,0,17,0,25
L000888,S001676,0,4,0,25
L000889,S001305,2,9,0,25
L000890,S001459,0,14,0,25
L000891,S000020,6,110,1,8
L000892,S000524,5,111,1,25
L000893,S001655,0,0,0,7
L000894,S001530,0,7,0,25
L000895,S000072,0,0,0,25
L000896,S001541,1,22,0,25
L000897,S001434,0,20,0,9
L000898,S000374,5,56,1,25
L000899,S000149,0,0,0,25
L000900,S000270,2,113,1,25
L000901,S000941,0,1,0,25
L000902,S000319,2,91,1,25
L000903,S000008,6,81,1,5
L000904,S000699,0,15,0,25
L000905,S000905,1,2,0,25
L000906,S000778,0,0,0,25
L000907,S001704,0,17,0,25
L000908,S000131,4,107,1,4
L000909,S000713,0,20,0,25
L000910,S000247,0,0,0,25
L000911,S001211,0,17,0,25
L000912,S000757,0,0,0,25
L000913,S000100,1,15,0,25
L000914,S001681,1,4,0,25
L000915,S000162,2,8,0,25
L000916,S000027,0,13,0,25
L000917,S000748,0,10,0,8
L000918,S001471,0,12,0,25
L000919,S001414,3,81,1,25
L000920,S001709,0,7,0,25
L000921,S000755,0,14,0,25
L000922,S001677,0,24,0,25
L000923,S000806,0,0,0,25
L000924,S000436,0,12,0,25
L000925,S000697,2,0,0,25
L000926,S000866,0,0,0,25
L000927,S000462,5,84,1,25
L000928,S000575,0,0,0,25
L000929,S000833,0,7,0,25
L000930,S000638,0,10,0,25
L000931,S001231,4,128,1,25
L000932,S000647,0,0,0,25
L000933,S000381,0,19,0,25
L000934,S000142,0,0,0,4
L000935,S001515,0,0,0,25
L000936,S000109,0,11,0,25
L000937,S000093,0,0,0,25
L000938,S001529,0,11,0,5
L000939,S000420,1,2,0,25
L000940,S001720,0,26,0,25
L000941,S000877,0,12,0,25
L000942,S001359,0,3,0,25
L000943,S001252,1,9,0,4
L000944,S001286,0,1,0,25
L000945,S001286,0,19,0,25
L000946,S000618,6,64,1,25
L000947,S000418,0,0,0,25
L000948,S000829,1,21,0,25
L000949,S000892,0,0,0,25
L000950,S001244,0,9,0,25
L000951,S000400,0,0,0,25
L000952,S000723,0,7,0,25
L000953,S000058,0,0,0,25
L000954,S001489,0,5,0,8
L000955,S001412,0,0,0,6
L000956,S000198,0,0,0,25
L000957,S001304,1,8,0,25
L000958,S001151,0,11,0,25
L000959,S001307,0,0,0,25
L000960,S001534,5,176,1,25
L000961,S000020,0,0,0,8
L000962,S001326,0,0,0,25
L000963,S000083,1,1,0,25
L000964,S001113,0,9,0,25
L000965,S000814,1,15,0,25
L000966,S000131,0,0,0,4
L000967,S000028,5,15,1,25
L000968,S000903,0,10,0,25
L000969,S000789,0,32,0,25
L000970,S001344,0,14,0,25
L000971,S000113,0,0,0,25
L000972,S000812,0,21,0,25
L000973,S001383,2,20,0,25
L000974,S000814,0,12,0,25
L000975,S001078,0,0,0,25
L000976,S000859,0,0,0,25
L000977,S000596,0,17,0,6
L000978,S001055,0,0,0,9
L000979,S000645,1,17,0,25
L000980,S000537,6,103,1,25
L000981,S001194,0,25,0,25
L000982,S000347,0,9,0,25
L000983,S000500,0,10,0,25
L000984,S001694,1,6,0,6
L000985,S001226,0,4,0,25
L000986,S001371,0,14,0,25
L000987,S001406,0,26,0,25
L000988,S000048,0,14,0,25
L000989,S001664,0,0,0,25
L000990,S000661,4,91,1,25
L000991,S001625,0,12,0,25
L000992,S001061,2,5,0,25
L000993,S001059,0,0,0,25
L000994,S000944,1,7,0,25
L000995,S001787,0,12,0,25
L000996,S000811,0,13,0,4
L000997,S000808,0,2,0,7
L000998,S000683,0,16,0,25
L000999,S000123,1,0,0,25
L001000,S000497,0,6,0,25
L001001,S001739,3,134,1,25
L001002,S000363,0,1,0,25
L001003,S000537,1,4,0,25
L001004,S000758,1,11,0,25
L001005,S001586,2,2,0,25
L001006,S000661,0,9,0,25
L001007,S000264,0,16,0,25
L001008,S001311,0,0,0,25
L001009,S000779,0,12,0,25
L001010,S001253,0,0,0,25
L001011,S001614,2,83,1,25
L001012,S000758,0,1,0,25
L001013,S000671,0,6,0,25
L001014,S000964,0,11,0,25
L001015,S001438,6,74,1,25
L001016,S000031,0,7,0,25
L001017,S001657,6,50,1,25
L001018,S000569,0,0,0,25
L001019,S001010,0,9,0,25
L001020,S001436,0,9,0,25
L001021,S000424,2,0,0,7
L001022,S000036,0,4,0,25
L001023,S000162,0,4,0,25
L001024,S000336,0,0,0,25
L001025,S000389,0,2,0,25
L001026,S001018,0,0,0,25
L001027,S000580,0,18,0,25
L001028,S001112,6,69,1,25
L001029,S000087,1,0,0,25
L001030,S000425,5,116,1,25
L001031,S000263,6,129,1,25
L001032,S001040,5,174,1,25
L001033,S001496,0,2,0,25
L001034,S000563,0,3,0,6
L001035,S001288,0,10,0,25
L001036,S001077,0,0,0,25
L001037,S001198,0,0,0,25
L001038,S001797,0,3,0,25
L001039,S001297,0,15,0,25
L001040,S000709,3,95,1,25
L001041,S000398,0,24,0,25
L001042,S000112,0,20,0,25
L001043,S000428,4,81,1,4
L001044,S001035,3,61,1,25
L001045,S000579,0,12,0,25
L001046,S001049,4,25,1,6
L001047,S001590,0,22,0,25
L001048,S001725,0,0,0,25
L001049,S001491,0,1,0,25
L001050,S001797,0,0,0,25
L001051,S000059,0,3,0,6
L001052,S001570,4,56,1,25
L001053,S001055,0,8,0,9
L001054,S001537,0,2,0,4
L001055,S001509,3,105,1,25
L001056,S001798,0,15,0,7
L001057,S001295,0,20,0,25
L001058,S000017,0,1,0,25
L001059,S000445,0,22,0,25
L001060,S000474,3,38,1,25
L001061,S000163,0,35,0,6
L001062,S000528,0,0,0,25
L001063,S000127,0,17,0,25
L001064,S000352,2,125,1,25
L001065,S000537,0,34,0,25
L001066,S001119,6,49,1,25
L001067,S000531,2,18,0,25
L001068,S000199,0,10,0,25
L001069,S000797,0,17,0,25
L001070,S001654,0,0,0,25
L001071,S001645,0,16,0,25
L001072,S000573,0,0,0,25
L001073,S000661,5,14,1,25
L001074,S001130,0,8,0,25
L001075,S000366,0,18,0,25
L001076,S000447,2,6,0,25
L001077,S000691,5,80,1,25
L001078,S000985,4,118,1,25
L001079,S000801,1,0,0,25
L001080,S000874,2,72,1,25
L001081,S000449,0,7,0,25
L001082,S000568,0,0,0,25
L001083,S000169,0,0,0,25
L001084,S000290,0,31,0,8
L001085,S001206,0,7,0,25
L001086,S000225,0,9,0,8
L001087,S000858,2,1,0,25
L001088,S000405,0,22,0,25
L001089,S001044,2,17,0,25
L001090,S001451,0,11,0,25
L001091,S001006,0,11,0,25
L001092,S000264,0,10,0,25
L001093,S000211,0,0,0,6
L001094,S001175,5,120,1,25
L001095,S001073,4,88,1,25
L001096,S000292,0,12,0,25
L001097,S001048,3,72,1,25
L001098,S000192,0,7,0,25
L001099,S000135,0,0,0,25
L001100,S000473,0,10,0,25
L001101,S001583,4,36,1,25
L001102,S001402,4,63,1,25
L001103,S001369,5,48,1,25
L001104,S000682,1,4,0,25
L001105,S001323,0,9,0,25
L001106,S001627,1,11,0,25
L001107,S000595,0,12,0,25
L001108,S001288,0,17,0,25
L001109,S000958,0,25,0,25
L001110,S000839,4,107,1,25
L001111,S000157,0,0,0,25
L001112,S001322,1,0,0,25
L001113,S001672,0,16,0,25
L001114,S001522,0,14,0,6
L001115,S000810,1,13,0,25
L001116,S001066,2,15,0,25
L001117,S001169,0,30,0,25
L001118,S001631,0,0,0,25
L001119,S001250,0,0,0,25
L001120,S000888,0,24,0,25
L001121,S000917,1,4,0,25
L001122,S000586,1,12,0,25
L001123,S000312,5,146,1,25
L001124,S001287,0,0,0,25
L001125,S000315,0,2,0,25
L001126,S000945,0,22,0,25
L001127,S001717,0,14,0,25
L001128,S001482,3,142,1,25
L001129,S000869,0,13,0,25
L001130,S000534,0,0,0,25
L001131,S001317,5,87,1,8
L001132,S001603,0,0,0,25
L001133,S000097,2,24,0,25
L001134,S001160,1,0,0,9
L001135,S001467,0,16,0,25
L001136,S001592,0,0,0,4
L001137,S001040,0,0,0,25
L001138,S000974,0,10,0,25
L001139,S000718,0,2,0,25
L001140,S001316,0,0,0,25
L001141,S001725,0,6,0,25
L001142,S001027,0,1,0,25
L001143,S000737,2,0,0,25
L001144,S001083,0,7,0,25
L001145,S001178,0,0,0,25
L001146,S000706,0,19,0,25
L001147,S001560,0,6,0,25
L001148,S001448,0,22,0,25
L001149,S001343,0,3,0,4
L001150,S000079,4,115,1,25
L001151,S000910,2,15,0,25
L001152,S000854,0,11,0,25
L001153,S001207,0,9,0,25
L001154,S001619,0,13,0,25
L001155,S000601,0,10,0,4
L001156,S000283,0,12,0,25
L001157,S001483,3,144,1,25
L001158,S001532,3,101,1,25
L001159,S001205,0,6,0,25
L001160,S000516,0,9,0,25
L001161,S000896,4,75,1,25
L001162,S001444,0,17,0,6
L001163,S000269,0,0,0,4
L001164,S000167,0,3,0,25
L001165,S000246,3,57,1,7
L001166,S000747,0,0,0,25
L001167,S000383,5,39,1,25
L001168,S001020,0,23,0,25
L001169,S000256,0,10,0,25
L001170,S001094,0,0,0,9
L001171,S000305,2,125,1,25
L001172,S001134,1,0,0,25
L001173,S001562,0,0,0,25
L001174,S001441,0,17,0,25
L001175,S000655,0,4,0,25
L001176,S000056,0,0,0,25
L001177,S001412,6,108,1,6
L001178,S000231,0,15,0,25
L001179,S000071,2,123,1,25
L001180,S001485,0,17,0,25
L001181,S000963,0,3,0,25
L001182,S000022,2,7,1,25
L001183,S000955,0,2,0,25
L001184,S000341,0,3,0,7
L001185,S000562,0,0,0,8
L001186,S001482,0,2,0,25
L001187,S001041,0,3,0,25
L001188,S001248,2,5,0,25
L001189,S001359,0,18,0,25
L001190,S000552,3,51,1,25
L001191,S000878,0,17,0,25
L001192,S000779,0,2,0,25
L001193,S000815,0,4,0,25
L001194,S001229,2,22,0,25
L001195,S001118,0,0,0,25
L001196,S001248,0,0,0,25
L001197,S000671,2,142,1,25
L001198,S000672,0,11,0,25
L001199,S001199,0,24,0,25
L001200,S000838,0,10,0,25
L001201,S000945,0,0,0,25
L001202,S000155,0,19,0,25
L001203,S000082,0,0,0,25
L001204,S001270,0,16,0,9
L001205,S000945,0,7,0,25
L001206,S000013,4,126,1,8
L001207,S001075,0,21,0,25
L001208,S000905,1,0,0,25
L001209,S000268,0,18,0,25
L001210,S000004,0,11,0,25
L001211,S000517,0,5,0,25
L001212,S001123,0,7,0,25
L001213,S001576,0,19,0,25
L001214,S001006,0,7,0,25
L001215,S001299,0,8,0,25
L001216,S000107,0,12,0,25
L001217,S001421,0,6,0,25
L001218,S001698,0,16,0,25
L001219,S000193,0,10,0,25
L001220,S000517,1,0,0,25
L001221,S001712,0,18,0,25
L001222,S000419,0,6,0,9
L001223,S000365,0,7,0,25
L001224,S000877,5,77,1,25
L001225,S001027,4,70,1,25
L001226,S000169,1,6,0,25
L001227,S000372,0,11,0,25
L001228,S001223,1,4,0,25
L001229,S001408,0,10,0,6
L001230,S000640,1,23,0,25
L001231,S001509,0,3,0,25
L001232,S000220,4,102,1,25
L001233,S001316,0,11,0,25
L001234,S001434,0,0,0,9
L001235,S001323,0,5,0,25
L001236,S001088,5,105,1,25
L001237,S000451,0,13,0,25
L001238,S000284,0,0,0,25
L001239,S000141,0,0,0,25
L001240,S000501,0,0,0,25
L001241,S000436,0,6,0,25
L001242,S001347,0,14,0,25
L001243,S001290,2,0,0,25
L001244,S001622,0,13,0,25
L001245,S000262,6,165,1,25
L001246,S000124,1,0,0,25
L001247,S001644,0,0,0,25
L001248,S001483,0,0,0,25
L001249,S001034,2,16,0,25
L001250,S001286,0,12,0,25
L001251,S000220,0,32,0,25
L001252,S001486,0,2,0,25
L001253,S001719,0,0,0,25
L001254,S001032,0,21,0,25
L001255,S000123,0,0,0,25
L001256,S000400,6,93,1,25
L001257,S000899,0,12,0,25
L001258,S000583,0,1,0,25
L001259,S000524,0,0,0,25
L001260,S001028,1,7,0,25
L001261,S000132,1,5,0,25
L001262,S001138,0,0,0,25
L001263,S001221,0,16,0,25
L001264,S000855,2,7,0,25
L001265,S001777,0,6,0,25
L001266,S001567,5,83,1,25
L001267,S001500,2,9,0,25
L001268,S000976,0,18,0,7
L001269,S001128,0,4,0,25
L001270,S001723,1,17,0,25
L001271,S001037,0,4,0,25
L001272,S000974,0,10,0,25
L001273,S000968,0,8,0,25
L001274,S000799,0,3,0,25
L001275,S000584,2,16,0,25
L001276,S000512,0,6,0,25
L001277,S001442,0,24,0,5
L001278,S001151,0,9,0,25
L001279,S001760,0,14,0,25
L001280,S001276,0,0,0,25
L001281,S001099,0,2,0,25
L001282,S001768,0,2,0,25
L001283,S001239,2,85,1,25
L001284,S000651,0,7,0,25
L001285,S000956,0,21,0,25
L001286,S000204,5,105,1,25
L001287,S000486,0,25,0,25
L001288,S000575,0,2,0,25
L001289,S000849,0,9,0,25
L001290,S001095,0,10,0,25
L001291,S000387,5,15,1,4
L001292,S001789,1,11,0,25
L001293,S000163,6,41,1,6
L001294,S000370,0,6,0,25
L001295,S001389,0,0,0,25
L001296,S001658,0,2,0,8
L001297,S001282,6,68,1,25
L001298,S000139,0,0,0,25
L001299,S001736,0,23,0,25
L001300,S000967,0,13,0,25
L001301,S001136,2,4,0,9
L001302,S001242,0,4,0,25
L001303,S001518,0,12,0,25
L001304,S001765,0,18,0,25
L001305,S000933,0,0,0,25
L001306,S001191,0,12,0,25
L001307,S001684,0,0,0,25
L001308,S001591,6,119,1,25
L001309,S000918,0,16,0,25
L001310,S001560,0,12,0,25
L001311,S001733,1,14,0,25
L001312,S001659,0,22,0,25
L001313,S000238,0,15,0,6
L001314,S000676,0,16,0,25
L001315,S000094,0,17,0,25
L001316,S000509,5,114,1,25
L001317,S000734,0,11,0,8
L001318,S000203,0,22,0,25
L001319,S001137,0,4,0,4
L001320,S000306,0,19,0,25
L001321,S001693,0,21,0,8
L001322,S000653,0,28,0,25
L001323,S001351,0,0,0,9
L001324,S001404,4,72,1,25
L001325,S001459,0,2,0,25
L001326,S000888,0,23,0,25
L001327,S000894,0,0,0,25
L001328,S000502,0,19,0,25
L001329,S000919,0,20,0,6
L001330,S001451,0,26,0,25
L001331,S000432,0,28,0,9
L001332,S000676,1,2,0,25
L001333,S000871,1,12,0,25
L001334,S000839,0,0,0,25
L001335,S000176,1,0,0,25
L001336,S001709,2,0,0,25
L001337,S000863,5,55,1,25
L001338,S000699,0,11,0,25
L001339,S000981,0,8,0,25
L001340,S000545,0,7,0,25
L001341,S000404,4,44,1,7
L001342,S000560,3,156,1,25
L001343,S000126,3,155,1,25
L001344,S001216,0,12,0,25
L001345,S000774,0,17,0,25
L001346,S001726,0,0,0,25
L001347,S000141,0,16,0,25
L001348,S000414,0,14,0,25
L001349,S000958,2,6,0,25
L001350,S001134,0,24,0,25
L001351,S000674,0,9,0,25
L001352,S000912,2,14,0,5
L001353,S000271,0,13,0,25
L001354,S001199,2,19,1,25
L001355,S000537,5,78,1,25
L001356,S000835,5,89,1,25
L001357,S001597,0,5,0,25
L001358,S001671,2,10,0,25
L001359,S001319,0,13,0,25
L001360,S000163,0,13,0,6
L001361,S000286,4,117,1,25
L001362,S000276,0,24,0,25
L001363,S000240,2,6,0,25
L001364,S001086,2,9,0,25
L001365,S001110,4,80,1,25
L001366,S000377,0,10,0,25
L001367,S001691,4,46,1,25
L001368,S000279,0,0,0,25
L001369,S001077,6,109,1,25
L001370,S001785,1,0,0,25
L001371,S000328,0,8,0,25
L001372,S000995,0,8,0,25
L001373,S001586,0,3,0,25
L001374,S001578,0,20,0,5
L001375,S000442,0,0,0,25
L001376,S001667,0,27,0,8
L001377,S001539,0,17,0,25
L001378,S000874,0,7,0,25
L001379,S000594,0,0,0,25
L001380,S000556,0,34,0,25
L001381,S001107,1,26,0,25
L001382,S000936,1,19,0,25
L001383,S000534,0,0,0,25
L001384,S000227,1,27,0,25
L001385,S000557,0,9,0,25
L001386,S001149,0,14,0,25
L001387,S000437,4,87,1,6
L001388,S000558,0,0,0,25
L001389,S000636,0,0,0,25
L001390,S001348,0,9,0,25
L001391,S000904,0,13,0,25
L001392,S000785,0,8,0,5
L001393,S000090,0,0,0,25
L001394,S000372,0,2,0,25
L001395,S001308,0,0,0,25
L001396,S000987,2,9,0,25
L001397,S001161,1,10,0,25
L001398,S000208,0,24,0,25
L001399,S000698,0,24,0,25
L001400,S000743,0,11,0,25
L001401,S001552,0,2,0,25
L001402,S000376,3,89,1,25
L001403,S001399,0,0,0,5
L001404,S000822,0,1,0,25
L001405,S000037,0,15,0,25
L001406,S001005,0,2,0,25
L001407,S001403,0,18,0,25
L001408,S001152,0,0,0,25
L001409,S000262,0,16,0,25
L001410,S000819,0,22,0,25
L001411,S000975,1,24,0,25
L001412,S001681,0,19,0,25
L001413,S000742,2,10,0,25
L001414,S001363,5,42,1,25
L001415,S001123,0,20,0,25
L001416,S000310,0,9,0,25
L001417,S000345,0,8,0,25
L001418,S000570,0,0,0,25
L001419,S000458,4,135,1,25
L001420,S000518,0,13,0,25
L001421,S001353,0,0,0,25
L001422,S001489,0,9,0,8
L001423,S000655,2,19,0,25
L001424,S001215,0,0,0,25
L001425,S000586,0,12,0,25
L001426,S001757,6,121,1,25
L001427,S001028,0,13,0,25
L001428,S000325,0,8,0,25
L001429,S001584,0,8,0,25
L001430,S001377,0,14,0,25
L001431,S000308,0,8,0,25
L001432,S001643,0,0,0,25
L001433,S001497,0,25,0,25
L001434,S001472,4,176,1,25
L001435,S000294,0,4,0,25
L001436,S001228,0,0,0,25
L001437,S000730,0,11,0,25
L001438,S000759,0,14,0,25
L001439,S001426,1,6,0,25
L001440,S001206,0,0,0,25
L001441,S001252,3,84,1,4
L001442,S000565,4,90,1,4
L001443,S000553,0,18,0,25
L001444,S000386,6,69,1,25
L001445,S001092,0,1,0,4
L001446,S001380,0,8,0,25
L001447,S000917,0,16,0,25
L001448,S001009,6,89,1,25
L001449,S000157,0,10,0,25
L001450,S000676,0,9,0,25
L001451,S001521,0,19,0,25
L001452,S000726,4,45,1,25
L001453,S000545,0,17,0,25
L001454,S001643,1,3,0,25
L001455,S000537,0,12,0,25
L001456,S000954,6,88,1,25
L001457,S000193,0,21,0,25
L001458,S001085,0,4,0,25
L001459,S001061,0,8,0,25
L001460,S000967,0,0,0,25
L001461,S001564,0,0,0,25
L001462,S000632,0,14,0,25
L001463,S000466,2,14,0,25
L001464,S001014,0,0,0,25
L001465,S000415,0,0,0,25
L001466,S000925,6,97,1,25
L001467,S000534,1,17,0,25
L001468,S001447,4,49,1,8
L001469,S000753,0,0,0,25
L001470,S001020,1,20,0,25
L001471,S001697,0,2,0,25
L001472,S000123,0,53,0,25
L001473,S000308,0,15,0,25
L001474,S000583,0,0,0,25
L001475,S000188,0,12,0,25
L001476,S000706,0,0,0,25
L001477,S001680,5,124,1,7
